original_commit_type,commit_hash,file_path,classification_label,commit_date,author,is_ai_generated,ai_tool,commit_message
AI,a1b2c3d4e5f6,src/api/routes.py,feat,2025-08-15T14:23:45,John Doe,True,GitHub Copilot,"feat: add new API endpoints with Copilot assistance"
AI,b2c3d4e5f6a7,src/api/middleware.py,fix,2025-08-16T09:15:22,Jane Smith,True,GitHub Copilot,"fix: resolve authentication bug (copilot-generated)"
AI,c3d4e5f6a7b8,src/utils/helpers.py,refactor,2025-08-17T16:42:10,John Doe,False,N/A,"refactor: improve helper functions"
AI,d4e5f6a7b8c9,src/api/routes.py,docs,2025-08-18T11:30:55,Jane Smith,True,GitHub Copilot,"docs: update API documentation"
AI,e5f6a7b8c9d0,src/models/user.py,feat,2025-08-19T08:45:33,Mike Johnson,True,Cursor,"feat: add user profile fields using Cursor AI"
AI,f6a7b8c9d0e1,src/api/routes.py,style,2025-08-20T13:20:18,John Doe,True,GitHub Copilot,"style: format code with copilot"
AI,a7b8c9d0e1f2,src/api/validators.py,test,2025-08-21T10:05:42,Sarah Lee,False,N/A,"test: add validation tests"
AI,b8c9d0e1f2a3,src/utils/helpers.py,refactor,2025-08-22T15:50:27,John Doe,False,N/A,"refactor: optimize utility functions"
AI,c9d0e1f2a3b4,src/api/routes.py,fix,2025-08-23T09:35:14,Jane Smith,True,GitHub Copilot,"fix: handle edge cases in routing"
AI,d0e1f2a3b4c5,src/config/settings.py,chore,2025-08-24T14:10:58,Mike Johnson,False,N/A,"chore: update configuration"
Human,e1f2a3b4c5d6,src/core/engine.py,feat,2025-08-15T10:20:15,Alice Brown,False,N/A,"feat: implement core processing engine"
Human,f2a3b4c5d6e7,src/core/parser.py,feat,2025-08-16T12:45:30,Bob Wilson,False,N/A,"feat: add new parser functionality"
Human,a3b4c5d6e7f8,src/core/engine.py,fix,2025-08-17T14:15:45,Alice Brown,False,N/A,"fix: resolve memory leak issue"
Human,b4c5d6e7f8a9,src/database/models.py,refactor,2025-08-18T16:30:22,Charlie Davis,False,N/A,"refactor: restructure database models"
Human,c5d6e7f8a9b0,src/core/engine.py,perf,2025-08-19T11:05:38,Alice Brown,False,N/A,"perf: optimize processing speed"
Human,d6e7f8a9b0c1,src/api/endpoints.py,feat,2025-08-20T13:40:52,Bob Wilson,False,N/A,"feat: create new REST endpoints"
Human,e7f8a9b0c1d2,src/core/engine.py,docs,2025-08-21T09:25:17,Alice Brown,False,N/A,"docs: add inline documentation"
Human,f8a9b0c1d2e3,src/tests/test_core.py,test,2025-08-22T15:50:44,Charlie Davis,False,N/A,"test: add comprehensive unit tests"
Human,a9b0c1d2e3f4,src/core/engine.py,style,2025-08-23T10:35:29,Alice Brown,False,N/A,"style: improve code formatting"
Human,b0c1d2e3f4a5,src/build/config.json,build,2025-08-24T14:20:55,Bob Wilson,False,N/A,"build: update build configuration"
