repository_name,file_name,file_creators,file_created_by,file_line_count,file_creation_date,file_commit_count,commit_hash,commit_authors,commit_created_by,commit_changed_lines,commit_date,commit_classification
microsoft/vscode,src/vs/editor/test/common/languages/defaultDocumentColorsComputer.test.ts,"Copilot, GitHub",AI,102,2025-06-16T17:23:18+00:00,2,6aeb5973b6c6c3c6f207ebf35536f7377f1e66df,Matt Bierner,Human,26374,2025-10-15T17:06:36+00:00,fix
microsoft/vscode,src/vs/editor/test/common/languages/defaultDocumentColorsComputer.test.ts,"Copilot, GitHub",AI,102,2025-06-16T17:23:18+00:00,2,24c0ff16c250f2b39eea8cebd661be2375f61ba5,"Copilot, GitHub",AI,104,2025-06-16T17:23:18+00:00,fix
microsoft/vscode,src/vs/workbench/test/browser/notificationsList.test.ts,"Copilot, GitHub",AI,102,2025-06-09T20:01:27+00:00,1,4f2559f97fe6a2bf00796d613f33ff258bc4a681,"Copilot, GitHub",AI,145,2025-06-09T20:01:27+00:00,fix
microsoft/vscode,src/vs/workbench/contrib/mcp/node/mcpStdioStateHandler.ts,"Copilot, GitHub",AI,94,2025-06-13T01:14:07+00:00,3,d86855a64789ccacd2d5a89e2815b2ee869562ad,"Connor Peet, GitHub",Human,124,2025-07-16T23:10:47+00:00,chore
microsoft/vscode,src/vs/workbench/contrib/mcp/node/mcpStdioStateHandler.ts,"Copilot, GitHub",AI,94,2025-06-13T01:14:07+00:00,3,810f7a00a18aef7c0af592d53955b4e20d28a810,"Connor Peet, GitHub",Human,8,2025-06-13T16:15:00+00:00,fix
microsoft/vscode,src/vs/workbench/contrib/mcp/node/mcpStdioStateHandler.ts,"Copilot, GitHub",AI,94,2025-06-13T01:14:07+00:00,3,7e4e0f4e55d0d0a2a931aa4e0b7acc518e5da0dd,"Copilot, GitHub",AI,313,2025-06-13T01:14:07+00:00,feat
microsoft/vscode,src/vs/workbench/contrib/terminalContrib/zoom/test/browser/terminal.zoom.test.ts,"Copilot, GitHub",AI,37,2025-07-01T16:46:13+00:00,1,53133e69d8144661c2ece8c5ae80801d2b2c98d9,"Copilot, GitHub",AI,57,2025-07-01T16:46:13+00:00,fix
microsoft/vscode,src/vs/workbench/contrib/terminalContrib/suggest/test/browser/terminalSuggestAddon.test.ts,"Copilot, GitHub",AI,35,2025-06-26T22:09:05+00:00,1,bd541adb4c414630cb1821b468cb63b0a1537f9e,"Copilot, GitHub",AI,53,2025-06-26T22:09:05+00:00,fix
microsoft/vscode,src/vs/workbench/contrib/terminalContrib/suggest/test/browser/terminalSuggestConfiguration.test.ts,"Copilot, GitHub",AI,33,2025-07-15T15:54:38+00:00,4,900c09271d195ecb0b30a3eb09f06858e147fc91,Dmitriy Vasyura,Human,50,2025-10-20T18:26:50+00:00,fix
microsoft/vscode,src/vs/workbench/contrib/terminalContrib/suggest/test/browser/terminalSuggestConfiguration.test.ts,"Copilot, GitHub",AI,33,2025-07-15T15:54:38+00:00,4,40f44bddba2e66d23d7957e49d27c3e8094de041,Dmitriy Vasyura,Human,105,2025-10-20T00:47:34+00:00,feat
microsoft/vscode,src/vs/workbench/contrib/terminalContrib/suggest/test/browser/terminalSuggestConfiguration.test.ts,"Copilot, GitHub",AI,33,2025-07-15T15:54:38+00:00,4,efdc6b10425846db33dddcc0a4a70d583127a9ac,"Copilot, GitHub",AI,127,2025-10-09T20:02:28+00:00,chore
microsoft/vscode,src/vs/workbench/contrib/terminalContrib/suggest/test/browser/terminalSuggestConfiguration.test.ts,"Copilot, GitHub",AI,33,2025-07-15T15:54:38+00:00,4,b510d5360c3eb165876e6da068aa1f0e3bc1c9b9,"Copilot, GitHub",AI,144,2025-07-15T15:54:38+00:00,feat
microsoft/vscode,src/vs/workbench/contrib/chat/test/electron-browser/fetchPageTool.test.ts,"Copilot, GitHub",AI,279,2025-06-29T17:37:07+00:00,6,8a1ffa71e4b38504cbfcc5ebe97108e92292d8b5,Connor Peet,Human,265,2025-10-23T17:00:32+00:00,feat
microsoft/vscode,src/vs/workbench/contrib/chat/test/electron-browser/fetchPageTool.test.ts,"Copilot, GitHub",AI,279,2025-06-29T17:37:07+00:00,6,2f3cdd58a665d18c4de942253540c4244620ca16,Connor Peet,Human,162,2025-10-22T20:13:46+00:00,refactor
microsoft/vscode,src/vs/workbench/contrib/chat/test/electron-browser/fetchPageTool.test.ts,"Copilot, GitHub",AI,279,2025-06-29T17:37:07+00:00,6,368b72b9dd475dd10ceab7226073a44710f3420a,"Rob Lourens, GitHub",Human,1294,2025-09-07T22:22:24+00:00,refactor
microsoft/vscode,src/vs/workbench/contrib/chat/test/electron-browser/fetchPageTool.test.ts,"Copilot, GitHub",AI,279,2025-06-29T17:37:07+00:00,6,0c93fec6bedd8935dc9b0c99ec3468c9a79d18de,"Tyler James Leonhardt, GitHub",Human,551,2025-06-30T21:14:05+00:00,feat
microsoft/vscode,src/vs/workbench/contrib/chat/test/electron-browser/fetchPageTool.test.ts,"Copilot, GitHub",AI,279,2025-06-29T17:37:07+00:00,6,f673cdde278002a416d342e03cfd51602e99d98b,"Copilot, GitHub",AI,419,2025-06-29T17:37:07+00:00,fix
microsoft/vscode,src/vs/workbench/contrib/mcp/test/node/mcpStdioStateHandler.test.ts,"Copilot, GitHub",AI,96,2025-06-13T01:14:07+00:00,1,7e4e0f4e55d0d0a2a931aa4e0b7acc518e5da0dd,"Copilot, GitHub",AI,313,2025-06-13T01:14:07+00:00,feat
microsoft/vscode,src/vs/workbench/contrib/mcp/browser/openPanelChatAndGetWidget.ts,Connor Peet,Human,27,2025-06-10T18:07:42+00:00,2,ece215ea9b72e9dc7819a76d414f972c87113fb8,"Rob Lourens, GitHub",Human,726,2025-09-06T22:26:32+00:00,fix
microsoft/vscode,src/vs/workbench/contrib/mcp/browser/openPanelChatAndGetWidget.ts,Connor Peet,Human,27,2025-06-10T18:07:42+00:00,2,efce3c699ed0a904315c7df732ba2dc58901ddbb,Connor Peet,Human,49,2025-06-10T18:07:42+00:00,refactor
microsoft/vscode,extensions/terminal-suggest/src/completions/set-location.ts,Daniel Imms,Human,27,2025-02-22T15:26:18+00:00,2,2a96971a95722bed4954cba1ce8f10daeb958f5c,Daniel Imms,Human,4,2025-02-22T15:27:46+00:00,docs
microsoft/vscode,extensions/terminal-suggest/src/completions/set-location.ts,Daniel Imms,Human,27,2025-02-22T15:26:18+00:00,2,29b0e1fe3af9936e158eab3ef186174482ed08d1,Daniel Imms,Human,29,2025-02-22T15:26:18+00:00,feat
microsoft/vscode,extensions/vscode-colorize-tests/test/colorize-tree-sitter-results/test-issue5566_ts.json,"Alex Ross, GitHub",Human,352,2024-09-23T19:31:57+00:00,11,dfcb5f367c9ba990170d1709ecd662c1da8cf9d2,"Alex Ross, GitHub",Human,2921,2025-03-05T17:37:10+00:00,test
microsoft/vscode,extensions/vscode-colorize-tests/test/colorize-tree-sitter-results/test-issue5566_ts.json,"Alex Ross, GitHub",Human,352,2024-09-23T19:31:57+00:00,11,5ff58539b431a007f7839d91d986cbc4a8e6a715,"Alex Ross, GitHub",Human,724,2025-03-05T11:07:56+00:00,feat
microsoft/vscode,extensions/vscode-colorize-tests/test/colorize-tree-sitter-results/test-issue5566_ts.json,"Alex Ross, GitHub",Human,352,2024-09-23T19:31:57+00:00,11,60634f869020a756128646b2a8324d2f13889313,"Alex Ross, GitHub",Human,6258,2025-02-21T11:10:26+00:00,test
microsoft/vscode,extensions/vscode-colorize-tests/test/colorize-tree-sitter-results/test-issue5566_ts.json,"Alex Ross, GitHub",Human,352,2024-09-23T19:31:57+00:00,11,c9bdec7f383204ab81bda411261dd3615b269ac4,"Alex Ross, GitHub",Human,1084,2025-02-19T15:50:20+00:00,test
microsoft/vscode,extensions/vscode-colorize-tests/test/colorize-tree-sitter-results/test-issue5566_ts.json,"Alex Ross, GitHub",Human,352,2024-09-23T19:31:57+00:00,11,6d1f4348433664ed4796f3500eee4b95a5a63042,"Alex Ross, GitHub",Human,209,2025-02-17T10:22:23+00:00,feat
microsoft/vscode,extensions/vscode-colorize-tests/test/colorize-tree-sitter-results/test-issue5566_ts.json,"Alex Ross, GitHub",Human,352,2024-09-23T19:31:57+00:00,11,ef44e6778365479de6808e49662ffd8340908775,"Alex Ross, GitHub",Human,141,2024-09-30T13:18:32+00:00,perf
microsoft/vscode,extensions/vscode-colorize-tests/test/colorize-tree-sitter-results/test-issue5566_ts.json,"Alex Ross, GitHub",Human,352,2024-09-23T19:31:57+00:00,11,955c13c0b993c9f3d88c642bc9d51653759685d3,"Alex Ross, GitHub",Human,5529,2024-09-26T17:24:23+00:00,fix
microsoft/vscode,extensions/vscode-colorize-tests/test/colorize-tree-sitter-results/test-issue5566_ts.json,"Alex Ross, GitHub",Human,352,2024-09-23T19:31:57+00:00,11,d3c7f32e174a04bd19e4167de7e908be6e1bd797,"Alex Ross, GitHub",Human,595,2024-09-25T15:11:31+00:00,test
microsoft/vscode,extensions/vscode-colorize-tests/test/colorize-tree-sitter-results/test-issue5566_ts.json,"Alex Ross, GitHub",Human,352,2024-09-23T19:31:57+00:00,11,ef76a382d51c247237c6d1f19ed95179de6088f8,"Alex Ross, GitHub",Human,11581,2024-09-24T09:36:05+00:00,test
microsoft/vscode,extensions/vscode-colorize-tests/test/colorize-tree-sitter-results/test-issue5566_ts.json,"Alex Ross, GitHub",Human,352,2024-09-23T19:31:57+00:00,11,38adfa09563e871d205c2453bb29e7bc48a95a80,"Raymond Zhao, GitHub",Human,11581,2024-09-23T22:07:42+00:00,chore
microsoft/vscode,extensions/vscode-colorize-tests/test/colorize-tree-sitter-results/test-issue5566_ts.json,"Alex Ross, GitHub",Human,352,2024-09-23T19:31:57+00:00,11,ccefcfa4faa49f965d2ff0b894a883237a854c6f,"Alex Ross, GitHub",Human,11581,2024-09-23T19:31:57+00:00,test
microsoft/vscode,src/vs/workbench/contrib/mcp/common/mcpServerConnection.ts,Connor Peet,Human,145,2025-03-08T18:19:08+00:00,12,dace6b32b30da6b9544aebe6b53642e81cf0b17d,"Henning Dieterichs, GitHub",Human,450,2025-09-20T18:29:58+00:00,fix
microsoft/vscode,src/vs/workbench/contrib/mcp/common/mcpServerConnection.ts,Connor Peet,Human,145,2025-03-08T18:19:08+00:00,12,a4ab5a0bd22cfe43f8b49b2e0fc430e4e5539a30,Connor Peet,Human,341,2025-09-12T20:23:45+00:00,feat
microsoft/vscode,src/vs/workbench/contrib/mcp/common/mcpServerConnection.ts,Connor Peet,Human,145,2025-03-08T18:19:08+00:00,12,2683ca4a9356fe61b654063ad036a6b8f7eeb661,Connor Peet,Human,78,2025-09-12T17:17:24+00:00,feat
microsoft/vscode,src/vs/workbench/contrib/mcp/common/mcpServerConnection.ts,Connor Peet,Human,145,2025-03-08T18:19:08+00:00,12,553d42e8f3e95bca56e70555757be2e6e0b083e0,Connor Peet,Human,584,2025-05-28T05:54:29+00:00,feat
microsoft/vscode,src/vs/workbench/contrib/mcp/common/mcpServerConnection.ts,Connor Peet,Human,145,2025-03-08T18:19:08+00:00,12,6f32ae9604abeab976892c7f12aab7465de2db49,"Connor Peet, GitHub",Human,571,2025-05-17T16:51:31+00:00,feat
microsoft/vscode,src/vs/workbench/contrib/mcp/common/mcpServerConnection.ts,Connor Peet,Human,145,2025-03-08T18:19:08+00:00,12,029d6a3ba0a2f62f11b763794555a055c87cb2c4,"Connor Peet, GitHub",Human,13,2025-04-01T19:26:40+00:00,fix
microsoft/vscode,src/vs/workbench/contrib/mcp/common/mcpServerConnection.ts,Connor Peet,Human,145,2025-03-08T18:19:08+00:00,12,8882b2c8dad25aae89d6150529eaa30c70457530,Connor Peet,Human,28,2025-03-21T21:39:28+00:00,fix
microsoft/vscode,src/vs/workbench/contrib/mcp/common/mcpServerConnection.ts,Connor Peet,Human,145,2025-03-08T18:19:08+00:00,12,33f9c7cb2c1f717ed44b84ac28a2d8306952a115,Connor Peet,Human,101,2025-03-21T18:13:05+00:00,chore
microsoft/vscode,src/vs/workbench/contrib/mcp/common/mcpServerConnection.ts,Connor Peet,Human,145,2025-03-08T18:19:08+00:00,12,968a6f93879ab1b1bc688318ea782d860ee450c1,"Connor Peet, GitHub",Human,217,2025-03-20T01:08:52+00:00,refactor
microsoft/vscode,src/vs/workbench/contrib/mcp/common/mcpServerConnection.ts,Connor Peet,Human,145,2025-03-08T18:19:08+00:00,12,5e9acd0b1ac870712c8a7acd553723bd2a152a40,"Connor Peet, GitHub",Human,8,2025-03-19T20:57:03+00:00,fix
microsoft/vscode,src/vs/workbench/contrib/mcp/common/mcpServerConnection.ts,Connor Peet,Human,145,2025-03-08T18:19:08+00:00,12,1418a96b8e7acdf7609921fcff54eb0069ede5e5,Connor Peet,Human,1262,2025-03-10T22:36:40+00:00,fix
microsoft/vscode,src/vs/workbench/contrib/mcp/common/mcpServerConnection.ts,Connor Peet,Human,145,2025-03-08T18:19:08+00:00,12,eb700003ebf3797af1de1f9e222478d6d7f7eea3,Connor Peet,Human,2911,2025-03-08T18:19:08+00:00,feat
microsoft/vscode,extensions/git-base/.npmrc,"Robo, GitHub",Human,2,2024-10-01T10:43:01+00:00,1,9494a890808d05808ce8b27aaf5188ae9593c7a0,"Robo, GitHub",Human,77,2024-10-01T10:43:01+00:00,chore
microsoft/vscode,src/vs/workbench/services/treeSitter/browser/treeSitterThemeService.ts,"Alex Ross, GitHub",Human,29,2025-05-23T14:30:38+00:00,1,ba42f2d6e776411a27156034c2a5ea68bd8b8078,"Alex Ross, GitHub",Human,9879,2025-05-23T14:30:38+00:00,refactor
microsoft/vscode,src/vs/workbench/api/test/common/extHostTerminalShellIntegration.test.ts,Daniel Imms,Human,307,2025-03-13T13:51:12+00:00,5,360c9fd13499d945b41a2677a4ed459df8a9a36e,Matt Bierner,Human,1188,2025-10-03T06:38:33+00:00,chore
microsoft/vscode,src/vs/workbench/api/test/common/extHostTerminalShellIntegration.test.ts,Daniel Imms,Human,307,2025-03-13T13:51:12+00:00,5,8401a5d835f35504caea174732538523f6f92fb6,Daniel Imms,Human,38,2025-03-14T13:34:51+00:00,test
microsoft/vscode,src/vs/workbench/api/test/common/extHostTerminalShellIntegration.test.ts,Daniel Imms,Human,307,2025-03-13T13:51:12+00:00,5,f172409aa1aeef7249d5b8b002c6a7e83a73a2db,Daniel Imms,Human,63,2025-03-14T13:25:36+00:00,fix
microsoft/vscode,src/vs/workbench/api/test/common/extHostTerminalShellIntegration.test.ts,Daniel Imms,Human,307,2025-03-13T13:51:12+00:00,5,79e31e78d2c2e020ed99216ef1fad79a843aadea,Daniel Imms,Human,242,2025-03-13T13:51:12+00:00,test
microsoft/vscode,extensions/terminal-suggest/src/completions/upstream/apt.ts,Daniel Imms,Human,355,2025-02-08T22:24:21+00:00,4,4215782c25727720f62abcf88a3f1d0f6309003f,Daniel Imms,Human,42310,2025-03-06T12:31:53+00:00,style
microsoft/vscode,extensions/terminal-suggest/src/completions/upstream/apt.ts,Daniel Imms,Human,355,2025-02-08T22:24:21+00:00,4,2c3b0074052d3e57ba06df8972cc682eaceb94af,Daniel Imms,Human,32369,2025-03-06T12:25:33+00:00,chore
microsoft/vscode,extensions/terminal-suggest/src/completions/upstream/apt.ts,Daniel Imms,Human,355,2025-02-08T22:24:21+00:00,4,cde4b9f62c799c3892e573586016c121f21f4a4f,"Megan Rogge, GitHub",Human,88,2025-02-22T14:29:26+00:00,feat
microsoft/vscode,extensions/terminal-suggest/src/completions/upstream/apt.ts,Daniel Imms,Human,355,2025-02-08T22:24:21+00:00,4,7f07efc83f43d9343c33a26256e1df1eac4bdca6,Daniel Imms,Human,10683,2025-02-08T22:24:21+00:00,feat
langchain-ai/langchain,libs/core/tests/unit_tests/utils/test_strings.py,"Copilot, GitHub",AI,49,2025-07-22T00:33:20+00:00,4,729bfe836984dd4cd215772d0cc83b167060b303,"Ali Ismail, GitHub",Human,32,2025-09-25T04:04:47+00:00,test
langchain-ai/langchain,libs/core/tests/unit_tests/utils/test_strings.py,"Copilot, GitHub",AI,49,2025-07-22T00:33:20+00:00,4,01fdeede5011ab861c868f911c0e3c92a41d1b30,"Christophe Bornet, GitHub",Human,292,2025-09-08T15:55:20+00:00,fix
langchain-ai/langchain,libs/core/tests/unit_tests/utils/test_strings.py,"Copilot, GitHub",AI,49,2025-07-22T00:33:20+00:00,4,18c64aed6d5ec21df662722d191a446e6074baac,"Copilot, GitHub",AI,82,2025-07-22T00:33:20+00:00,fix
langchain-ai/langchain,libs/community/tests/integration_tests/examples/building.jpg,"Philippe PRADOS, GitHub",Human,1460,2025-01-20T20:15:43+00:00,2,9ff5b5d2824794c82f3df9032f09a31fe007eb19,"ccurme, GitHub",Human,372362,2025-04-29T13:22:04+00:00,chore
langchain-ai/langchain,libs/community/tests/integration_tests/examples/building.jpg,"Philippe PRADOS, GitHub",Human,1460,2025-01-20T20:15:43+00:00,2,4efc5093c11d0d5ff0762e936426c9b3247e88b2,"Philippe PRADOS, GitHub",Human,2571,2025-01-20T20:15:43+00:00,refactor
microsoft/TypeScript,tests/baselines/reference/accessorInAmbientContextES5.errors.txt,"Copilot, GitHub",AI,32,2025-06-25T21:29:02+00:00,1,1ed8674bba538a280c1846d628069fb9646731ab,"Copilot, GitHub",AI,259,2025-06-25T21:29:02+00:00,fix
microsoft/TypeScript,.github/copilot-instructions.md,"Copilot, GitHub",AI,292,2025-06-18T21:43:15+00:00,4,666ef27201c0c497770fdd1af4c13049b640ce63,"Copilot, GitHub",AI,33,2025-06-30T22:22:28+00:00,docs
microsoft/TypeScript,.github/copilot-instructions.md,"Copilot, GitHub",AI,292,2025-06-18T21:43:15+00:00,4,d6c3ac3684f3dd87cab169063c78508cb6b79b21,"Ryan Cavanaugh, GitHub",Human,22,2025-06-25T17:31:27+00:00,docs
microsoft/TypeScript,.github/copilot-instructions.md,"Copilot, GitHub",AI,292,2025-06-18T21:43:15+00:00,4,6dea899f2b4e9664fecccc6afe7e6ae5cc2af0aa,"Ryan Cavanaugh, GitHub",Human,56,2025-06-24T17:44:30+00:00,docs
microsoft/TypeScript,.github/copilot-instructions.md,"Copilot, GitHub",AI,292,2025-06-18T21:43:15+00:00,4,479285d0ac293c35a926508d17f0bb5eca7e0303,"Copilot, GitHub",AI,292,2025-06-18T21:43:15+00:00,docs
microsoft/TypeScript,tests/baselines/reference/accessorInAmbientContextES5.symbols,"Copilot, GitHub",AI,51,2025-06-25T21:29:02+00:00,1,1ed8674bba538a280c1846d628069fb9646731ab,"Copilot, GitHub",AI,259,2025-06-25T21:29:02+00:00,fix
microsoft/TypeScript,tests/baselines/reference/accessorInAmbientContextES5.js,"Copilot, GitHub",AI,81,2025-06-25T21:29:02+00:00,1,1ed8674bba538a280c1846d628069fb9646731ab,"Copilot, GitHub",AI,259,2025-06-25T21:29:02+00:00,fix
microsoft/TypeScript,tests/baselines/reference/bigintAmbientMinimal.types,"Copilot, GitHub",AI,35,2025-06-25T21:29:50+00:00,1,6e519c59c13e4e99da0bf779a1f2bbee232cf7a1,"Copilot, GitHub",AI,109,2025-06-25T21:29:50+00:00,fix
microsoft/TypeScript,tests/baselines/reference/bigintAmbientMinimal.symbols,"Copilot, GitHub",AI,22,2025-06-25T21:29:50+00:00,1,6e519c59c13e4e99da0bf779a1f2bbee232cf7a1,"Copilot, GitHub",AI,109,2025-06-25T21:29:50+00:00,fix
microsoft/TypeScript,tests/cases/compiler/accessorInAmbientContextES5.ts,"Copilot, GitHub",AI,29,2025-06-25T21:29:02+00:00,1,1ed8674bba538a280c1846d628069fb9646731ab,"Copilot, GitHub",AI,259,2025-06-25T21:29:02+00:00,fix
microsoft/TypeScript,tests/baselines/reference/bigintAmbientMinimal.errors.txt,"Copilot, GitHub",AI,17,2025-06-25T21:29:50+00:00,1,6e519c59c13e4e99da0bf779a1f2bbee232cf7a1,"Copilot, GitHub",AI,109,2025-06-25T21:29:50+00:00,fix
microsoft/TypeScript,tests/baselines/reference/accessorInAmbientContextES5.types,"Copilot, GitHub",AI,64,2025-06-25T21:29:02+00:00,1,1ed8674bba538a280c1846d628069fb9646731ab,"Copilot, GitHub",AI,259,2025-06-25T21:29:02+00:00,fix
microsoft/TypeScript,tests/baselines/reference/bigintAmbientMinimal.js,"Copilot, GitHub",AI,18,2025-06-25T21:29:50+00:00,1,6e519c59c13e4e99da0bf779a1f2bbee232cf7a1,"Copilot, GitHub",AI,109,2025-06-25T21:29:50+00:00,fix
microsoft/TypeScript,tests/cases/conformance/jsdoc/checkJsdocSatisfiesTag15.ts,"Mateusz Burzyński, GitHub",Human,50,2025-02-20T00:58:32+00:00,1,71b16ea186cc48a9af398fe91589cc07d9b1d96f,"Mateusz Burzyński, GitHub",Human,398,2025-02-20T00:58:32+00:00,fix
microsoft/TypeScript,"tests/baselines/reference/bundlerDirectoryModule(module=node18,moduleresolution=nodenext).trace.json","Andrew Branch, GitHub",Human,957,2025-01-23T00:56:17+00:00,2,cdfc519b999d250252b227993980b2e45b98b46e,"Copilot, GitHub",AI,53903,2025-09-11T00:02:03+00:00,fix
microsoft/TypeScript,"tests/baselines/reference/bundlerDirectoryModule(module=node18,moduleresolution=nodenext).trace.json","Andrew Branch, GitHub",Human,957,2025-01-23T00:56:17+00:00,2,5e52b28ee6d54f6637990be6d0dda1e974f78345,"Andrew Branch, GitHub",Human,4182,2025-01-23T00:56:17+00:00,feat
microsoft/TypeScript,tests/baselines/reference/anonymousClassAccessorsDeclarationEmit1.symbols,"Mateusz Burzyński, GitHub",Human,53,2025-06-30T20:19:53+00:00,1,c35b14335a140e7e72d8da58b9ac3fad459a8407,"Mateusz Burzyński, GitHub",Human,1525,2025-06-30T20:19:53+00:00,fix
microsoft/TypeScript,tests/baselines/reference/nodeModulesPackagePatternExportsTrailers(module=node20).trace.json,"Andrew Branch, GitHub",Human,1111,2025-06-09T21:20:00+00:00,3,91b32ac281c16c117603ec647043d169aa56c3ef,"Jake Bailey, GitHub",Human,9379,2025-10-09T00:09:58+00:00,test
microsoft/TypeScript,tests/baselines/reference/nodeModulesPackagePatternExportsTrailers(module=node20).trace.json,"Andrew Branch, GitHub",Human,1111,2025-06-09T21:20:00+00:00,3,cdfc519b999d250252b227993980b2e45b98b46e,"Copilot, GitHub",AI,53903,2025-09-11T00:02:03+00:00,fix
microsoft/TypeScript,tests/baselines/reference/nodeModulesPackagePatternExportsTrailers(module=node20).trace.json,"Andrew Branch, GitHub",Human,1111,2025-06-09T21:20:00+00:00,3,cb38d99d08fe9b304b3c5b18a558995280ec7865,"Andrew Branch, GitHub",Human,36056,2025-06-09T21:20:00+00:00,feat
microsoft/TypeScript,tests/baselines/reference/moduleResolutionWithoutExtension4(module=nodenext).js,"Andrew Branch, GitHub",Human,21,2025-01-23T00:56:17+00:00,1,5e52b28ee6d54f6637990be6d0dda1e974f78345,"Andrew Branch, GitHub",Human,4182,2025-01-23T00:56:17+00:00,feat
microsoft/TypeScript,tests/cases/fourslash/asOperatorCompletion2.ts,"Mateusz Burzyński, GitHub",Human,9,2025-06-23T20:20:43+00:00,1,78c16795cdee70b9d9f0f248b6dbb6ba50994a59,"Mateusz Burzyński, GitHub",Human,288,2025-06-23T20:20:43+00:00,fix
microsoft/TypeScript,tests/baselines/reference/declarationEmitGenericTypeParamerSerialization.js,"Titian Cernicova-Dragomir, GitHub",Human,31,2025-03-14T19:36:08+00:00,1,a00b324ab2e9a303e8b2d94f3e0b2f3aa4975a5c,"Titian Cernicova-Dragomir, GitHub",Human,550,2025-03-14T19:36:08+00:00,fix
microsoft/TypeScript,tests/cases/conformance/importDefer/importDeferTypeConflict2.ts,"Nicolò Ribaudo, GitHub",Human,8,2025-06-06T19:11:21+00:00,2,42f6576e83a739d3a5e20e03712252abb6f448dc,"Andrew Branch, GitHub",Human,55426,2025-10-24T21:57:57+00:00,refactor
microsoft/TypeScript,tests/cases/conformance/importDefer/importDeferTypeConflict2.ts,"Nicolò Ribaudo, GitHub",Human,8,2025-06-06T19:11:21+00:00,2,a69c6d0bb7a382538c8bbbecfb96431badb5c873,"Nicolò Ribaudo, GitHub",Human,3002,2025-06-06T19:11:21+00:00,feat
microsoft/TypeScript,tests/baselines/reference/genericCallAtYieldExpressionInGenericCall1.symbols,"Mateusz Burzyński, GitHub",Human,93,2025-06-30T19:52:51+00:00,1,3267e426e3d380853efe4572abafe5d295f9b4b3,"Mateusz Burzyński, GitHub",Human,564,2025-06-30T19:52:51+00:00,fix
microsoft/TypeScript,tests/baselines/reference/nodeModulesExportsSpecifierGenerationConditions(module=node20).errors.txt,"Andrew Branch, GitHub",Human,37,2025-06-09T21:20:00+00:00,1,cb38d99d08fe9b304b3c5b18a558995280ec7865,"Andrew Branch, GitHub",Human,36056,2025-06-09T21:20:00+00:00,feat
nvm-sh/nvm,.github/copilot-instructions.md,"copilot-swe-agent[bot], Jordan Harband",AI,427,2025-07-02T17:12:44+00:00,1,9602f4f959a9f64515fc13af2904a87dc03de685,"copilot-swe-agent[bot], Jordan Harband",AI,427,2025-07-02T17:12:44+00:00,docs
nvm-sh/nvm,.github/INCIDENT_RESPONSE_PLAN.md,Jordan Harband,Human,117,2025-06-23T23:11:48+00:00,1,1aab8b2d5aa2b2de1e6931362ef26646413be851,Jordan Harband,Human,134,2025-06-23T23:11:48+00:00,docs
browser-use/browser-use,browser_use/agent/system_prompt_no_thinking.md,Cursor Agent,AI,159,2025-06-24T12:40:07+00:00,51,131c6af93d387f0e15ac6005c825a6168786b0f0,Magnus Müller,Human,110,2025-10-12T20:26:16+00:00,docs
browser-use/browser-use,browser_use/agent/system_prompt_no_thinking.md,Cursor Agent,AI,159,2025-06-24T12:40:07+00:00,51,117900e6a605923aa1311d2922abc3c3660f632f,Magnus Müller,Human,8,2025-10-06T04:43:27+00:00,docs
browser-use/browser-use,browser_use/agent/system_prompt_no_thinking.md,Cursor Agent,AI,159,2025-06-24T12:40:07+00:00,51,90d414042a2b6a11700fbc0486eaa5603e8967e5,Magnus Müller,Human,130,2025-10-05T22:09:35+00:00,docs
browser-use/browser-use,browser_use/agent/system_prompt_no_thinking.md,Cursor Agent,AI,159,2025-06-24T12:40:07+00:00,51,f0acb6b3386698d0d0ebfddd469fb716ecda5cc4,Magnus Müller,Human,238,2025-10-05T20:31:38+00:00,refactor
browser-use/browser-use,browser_use/agent/system_prompt_no_thinking.md,Cursor Agent,AI,159,2025-06-24T12:40:07+00:00,51,18b7dd95a4c24ce9c8d9d1f27b78c8bfffaffb03,Magnus Müller,Human,24,2025-10-05T19:16:13+00:00,docs
browser-use/browser-use,browser_use/agent/system_prompt_no_thinking.md,Cursor Agent,AI,159,2025-06-24T12:40:07+00:00,51,d3abbcb2c741645ba07bf3bbb2402ce0a45a2b2f,Magnus Müller,Human,51,2025-10-04T19:56:40+00:00,fix
browser-use/browser-use,browser_use/agent/system_prompt_no_thinking.md,Cursor Agent,AI,159,2025-06-24T12:40:07+00:00,51,889efd3ee29b977e73728f128803a069940777b8,Magnus Müller,Human,18,2025-10-03T22:59:05+00:00,docs
browser-use/browser-use,browser_use/agent/system_prompt_no_thinking.md,Cursor Agent,AI,159,2025-06-24T12:40:07+00:00,51,92a1aa2412888bd0b133ac1d298cf57e3d0d9a3b,mertunsall,Human,6,2025-10-03T17:21:34+00:00,docs
browser-use/browser-use,browser_use/agent/system_prompt_no_thinking.md,Cursor Agent,AI,159,2025-06-24T12:40:07+00:00,51,1380b1e9038d222646d07de3e103a96ed739f9d8,Magnus Müller,Human,71,2025-09-07T23:25:15+00:00,feat
browser-use/browser-use,browser_use/agent/system_prompt_no_thinking.md,Cursor Agent,AI,159,2025-06-24T12:40:07+00:00,51,9c6e3371fdd7e373e4213d3dd663c2e06d2ae16b,Magnus Müller,Human,6,2025-09-04T14:55:52+00:00,docs
browser-use/browser-use,browser_use/agent/system_prompt_no_thinking.md,Cursor Agent,AI,159,2025-06-24T12:40:07+00:00,51,37c177e840712e1f66acd1f905f1e7fdc4447b79,Magnus Müller,Human,8,2025-08-31T21:19:39+00:00,style
browser-use/browser-use,browser_use/agent/system_prompt_no_thinking.md,Cursor Agent,AI,159,2025-06-24T12:40:07+00:00,51,af9ab97f4a4c1d9d8d21967a4e9a1a195d500e2c,"Magnus Müller, GitHub",Human,2,2025-08-31T21:04:49+00:00,docs
browser-use/browser-use,browser_use/agent/system_prompt_no_thinking.md,Cursor Agent,AI,159,2025-06-24T12:40:07+00:00,51,32e02000e954fed96ee1b51cc1bdc20e222fe61e,Magnus Müller,Human,10,2025-08-31T20:52:34+00:00,docs
browser-use/browser-use,browser_use/agent/system_prompt_no_thinking.md,Cursor Agent,AI,159,2025-06-24T12:40:07+00:00,51,21b129579342f10b3de5de00a30a90752fce80ab,Magnus Müller,Human,98,2025-08-31T20:33:53+00:00,style
browser-use/browser-use,browser_use/agent/system_prompt_no_thinking.md,Cursor Agent,AI,159,2025-06-24T12:40:07+00:00,51,3b46999b957d77964f42d75ef03453220fd5d3a6,Magnus Müller,Human,98,2025-08-31T19:59:02+00:00,style
browser-use/browser-use,browser_use/agent/system_prompt_no_thinking.md,Cursor Agent,AI,159,2025-06-24T12:40:07+00:00,51,0caa3546c3fd3fbc7da3736b29ca56887c1940ef,Magnus Müller,Human,46,2025-08-31T15:14:35+00:00,docs
browser-use/browser-use,browser_use/agent/system_prompt_no_thinking.md,Cursor Agent,AI,159,2025-06-24T12:40:07+00:00,51,8ecc46daf6732eb18ee23ade1c6ad3457eb0961d,Magnus Müller,Human,34,2025-08-31T15:14:32+00:00,docs
browser-use/browser-use,browser_use/agent/system_prompt_no_thinking.md,Cursor Agent,AI,159,2025-06-24T12:40:07+00:00,51,145b319d8345e4f5cd67b6bd1fb17b3e777f2c4c,mertunsall,Human,3,2025-08-31T09:58:15+00:00,docs
browser-use/browser-use,browser_use/agent/system_prompt_no_thinking.md,Cursor Agent,AI,159,2025-06-24T12:40:07+00:00,51,1596f25a5af67851d620928b270aeb68ae11bdcc,Magnus Müller,Human,27,2025-08-31T01:39:10+00:00,docs
browser-use/browser-use,browser_use/agent/system_prompt_no_thinking.md,Cursor Agent,AI,159,2025-06-24T12:40:07+00:00,51,30b2d631f9086c7a8269ace487a4d7824f34245d,Magnus Müller,Human,748,2025-08-31T01:33:56+00:00,chore
browser-use/browser-use,browser_use/agent/system_prompt_no_thinking.md,Cursor Agent,AI,159,2025-06-24T12:40:07+00:00,51,ca05521b0c9e901fe33da8699b1ba5d674cbe1fd,mertunsall,Human,26,2025-08-31T00:52:50+00:00,docs
browser-use/browser-use,browser_use/agent/system_prompt_no_thinking.md,Cursor Agent,AI,159,2025-06-24T12:40:07+00:00,51,b9ab642d0c264b552ca6584d83b1bc10e7be4ef1,Magnus Müller,Human,13,2025-08-30T17:39:50+00:00,docs
browser-use/browser-use,browser_use/agent/system_prompt_no_thinking.md,Cursor Agent,AI,159,2025-06-24T12:40:07+00:00,51,3d8f7934063c41467317147787fb1500c1cb2cc9,Magnus Müller,Human,22,2025-08-30T17:24:26+00:00,docs
browser-use/browser-use,browser_use/agent/system_prompt_no_thinking.md,Cursor Agent,AI,159,2025-06-24T12:40:07+00:00,51,d97462e49ab6a2c54163d343fdb47ef03ed51ba3,Magnus Müller,Human,126,2025-08-30T16:54:40+00:00,docs
browser-use/browser-use,browser_use/agent/system_prompt_no_thinking.md,Cursor Agent,AI,159,2025-06-24T12:40:07+00:00,51,b638958bb5d0e1872f534a588a3689e045a5b6d1,Magnus Müller,Human,126,2025-08-30T16:46:48+00:00,chore
browser-use/browser-use,browser_use/agent/system_prompt_no_thinking.md,Cursor Agent,AI,159,2025-06-24T12:40:07+00:00,51,781f2131ee1a138e4827b38746d5e7adf452b2d1,Magnus Müller,Human,126,2025-08-30T08:00:48+00:00,docs
browser-use/browser-use,browser_use/agent/system_prompt_no_thinking.md,Cursor Agent,AI,159,2025-06-24T12:40:07+00:00,51,2d97ee619dfb9a72f201ec9f191028ed8eba8c5b,mertunsall,Human,6,2025-08-22T10:54:50+00:00,docs
browser-use/browser-use,browser_use/agent/system_prompt_no_thinking.md,Cursor Agent,AI,159,2025-06-24T12:40:07+00:00,51,6c6907bfc2a8a1917818449782de6c0ed0fdc228,mertunsall,Human,18,2025-08-20T22:52:45+00:00,feat
browser-use/browser-use,browser_use/agent/system_prompt_no_thinking.md,Cursor Agent,AI,159,2025-06-24T12:40:07+00:00,51,4f433c1ea07e9aec1069693a2c1f7d3cdbd7b314,Saurav Panda,Human,3,2025-08-17T19:44:56+00:00,chore
browser-use/browser-use,browser_use/agent/system_prompt_no_thinking.md,Cursor Agent,AI,159,2025-06-24T12:40:07+00:00,51,beaede963118e00b17a40caac77e062f3900a190,mertunsall,Human,6,2025-08-14T23:18:12+00:00,docs
browser-use/browser-use,browser_use/agent/system_prompt_no_thinking.md,Cursor Agent,AI,159,2025-06-24T12:40:07+00:00,51,6a50155f84c725ddacb24aa80f60e0373c7b848e,Saurav Panda,Human,6,2025-08-10T17:10:34+00:00,chore
browser-use/browser-use,browser_use/agent/system_prompt_no_thinking.md,Cursor Agent,AI,159,2025-06-24T12:40:07+00:00,51,19ff31014dcf5f795156d65e604f340e2a2b04cc,Saurav Panda,Human,9,2025-08-10T16:59:13+00:00,docs
browser-use/browser-use,browser_use/agent/system_prompt_no_thinking.md,Cursor Agent,AI,159,2025-06-24T12:40:07+00:00,51,07451552b2c6be2c83901a3fbe5d9476f1c95e01,Magnus Müller,Human,124,2025-07-22T10:17:18+00:00,docs
browser-use/browser-use,browser_use/agent/system_prompt_no_thinking.md,Cursor Agent,AI,159,2025-06-24T12:40:07+00:00,51,92da75520bb38afae8780937db02851f810ba5cb,mertunsall,Human,44,2025-07-11T16:36:58+00:00,docs
browser-use/browser-use,browser_use/agent/system_prompt_no_thinking.md,Cursor Agent,AI,159,2025-06-24T12:40:07+00:00,51,7b8e82563d24856fed5b74710126e7d255949358,mertunsall,Human,2,2025-07-11T16:11:12+00:00,docs
browser-use/browser-use,browser_use/agent/system_prompt_no_thinking.md,Cursor Agent,AI,159,2025-06-24T12:40:07+00:00,51,d1f532b45db9add5227379bef1216720bd059489,mertunsall,Human,90,2025-07-11T15:58:01+00:00,refactor
browser-use/browser-use,browser_use/agent/system_prompt_no_thinking.md,Cursor Agent,AI,159,2025-06-24T12:40:07+00:00,51,1bb9b0501682201d734ffbe43b45431e72b09033,mertunsall,Human,6,2025-07-08T11:04:12+00:00,docs
browser-use/browser-use,browser_use/agent/system_prompt_no_thinking.md,Cursor Agent,AI,159,2025-06-24T12:40:07+00:00,51,8f7f3d184d1878e6baf135996b00c20a7f4ca853,mertunsall,Human,26,2025-07-08T10:50:45+00:00,docs
browser-use/browser-use,browser_use/agent/system_prompt_no_thinking.md,Cursor Agent,AI,159,2025-06-24T12:40:07+00:00,51,17aabccde7b28dc239ca0f1372425596a2a94e10,Daniel T.,Human,2,2025-07-07T21:10:02+00:00,feat
browser-use/browser-use,browser_use/agent/system_prompt_no_thinking.md,Cursor Agent,AI,159,2025-06-24T12:40:07+00:00,51,25a40fb179e0188e454fec46aa2d3aace483ed5e,Daniel T.,Human,15,2025-07-07T21:05:09+00:00,refactor
browser-use/browser-use,browser_use/agent/system_prompt_no_thinking.md,Cursor Agent,AI,159,2025-06-24T12:40:07+00:00,51,539274a7d4ebcfcee9f92a00a7bc75dbd1380371,Daniel T.,Human,67,2025-07-07T16:21:37+00:00,refactor
browser-use/browser-use,browser_use/agent/system_prompt_no_thinking.md,Cursor Agent,AI,159,2025-06-24T12:40:07+00:00,51,610419c9d7a32c7939fff2bde66188d235b01346,Daniel T.,Human,48,2025-07-07T15:19:59+00:00,feat
browser-use/browser-use,browser_use/agent/system_prompt_no_thinking.md,Cursor Agent,AI,159,2025-06-24T12:40:07+00:00,51,3a6a3e5d75289e67475f395aa1ad3177f39c80a4,mertunsall,Human,161,2025-07-07T12:32:44+00:00,refactor
browser-use/browser-use,browser_use/agent/system_prompt_no_thinking.md,Cursor Agent,AI,159,2025-06-24T12:40:07+00:00,51,f3e1a596429cdc33cc916ad2128db31d185efbd9,mertunsall,Human,4,2025-07-04T23:51:00+00:00,docs
browser-use/browser-use,browser_use/agent/system_prompt_no_thinking.md,Cursor Agent,AI,159,2025-06-24T12:40:07+00:00,51,177d5bcb7ec2cefb135f5d590d3a51b7fb595747,Gregor Žunič,Human,517,2025-07-02T16:14:40+00:00,ci
browser-use/browser-use,browser_use/agent/system_prompt_no_thinking.md,Cursor Agent,AI,159,2025-06-24T12:40:07+00:00,51,6ab1093627ed4b8daaf42b7fc7db67a364257be9,mertunsall,Human,118,2025-06-29T21:18:10+00:00,docs
browser-use/browser-use,browser_use/agent/system_prompt_no_thinking.md,Cursor Agent,AI,159,2025-06-24T12:40:07+00:00,51,c3802b04ab49fa8b22fa48ea61f0f7bad3378e0b,mertunsall,Human,4,2025-06-27T12:33:41+00:00,chore
browser-use/browser-use,browser_use/agent/system_prompt_no_thinking.md,Cursor Agent,AI,159,2025-06-24T12:40:07+00:00,51,f6c89bb14d9347aff677a39e05bfabbd1635b4fd,mertunsall,Human,2,2025-06-24T16:09:00+00:00,docs
browser-use/browser-use,browser_use/agent/system_prompt_no_thinking.md,Cursor Agent,AI,159,2025-06-24T12:40:07+00:00,51,b3e83d6d05f1b327df8595470ba08c1bfa2a756c,mertunsall,Human,154,2025-06-24T14:39:14+00:00,docs
browser-use/browser-use,browser_use/agent/system_prompt_no_thinking.md,Cursor Agent,AI,159,2025-06-24T12:40:07+00:00,51,bf63d1843c86720bc3374c03a99bef1cc7b50e2f,Cursor Agent,AI,200,2025-06-24T14:17:24+00:00,feat
browser-use/browser-use,browser_use/agent/system_prompt_no_thinking.md,Cursor Agent,AI,159,2025-06-24T12:40:07+00:00,51,d57850639b9744322b383dd9c4dd756f56f44274,Cursor Agent,AI,490,2025-06-24T12:40:07+00:00,feat
browser-use/browser-use,tests/ci/test_gif_filtering.py,claude[bot],AI,224,2025-07-21T06:48:26+00:00,5,4c93f39a491e1b06824f718c981615970a303713,Nick Sweeting,Human,758,2025-08-22T23:06:47+00:00,style
browser-use/browser-use,tests/ci/test_gif_filtering.py,claude[bot],AI,224,2025-07-21T06:48:26+00:00,5,8d86832095bbfc9aac6260097dd2b3354c7eea59,Nick Sweeting,Human,623,2025-08-15T23:45:27+00:00,refactor
browser-use/browser-use,tests/ci/test_gif_filtering.py,claude[bot],AI,224,2025-07-21T06:48:26+00:00,5,9bd00362238028836e91ff0de3053faded7d4ac9,mertunsall,Human,377,2025-08-02T14:48:49+00:00,refactor
browser-use/browser-use,tests/ci/test_gif_filtering.py,claude[bot],AI,224,2025-07-21T06:48:26+00:00,5,ba12148b19325fdcb02c99f489f7c421c51fb6df,claude[bot],AI,74,2025-07-21T22:28:01+00:00,refactor
browser-use/browser-use,tests/ci/test_gif_filtering.py,claude[bot],AI,224,2025-07-21T06:48:26+00:00,5,fba94602febecab17864e406380d8a08df34c4bb,claude[bot],AI,265,2025-07-21T06:48:26+00:00,fix
browser-use/browser-use,tests/ci/test_browser_session_file_uploads.py,"claude[bot], GitHub",AI,386,2025-06-16T17:48:26+00:00,11,d3570cb3d0fc53e85c14eb65dfe8a584791efff1,Magnus Müller,Human,394,2025-08-27T01:24:30+00:00,test
browser-use/browser-use,tests/ci/test_browser_session_file_uploads.py,"claude[bot], GitHub",AI,386,2025-06-16T17:48:26+00:00,11,3dcfa7ebb17fe83b6faa377c6c42918e3b94d8bd,Nick Sweeting,Human,51,2025-08-19T20:26:41+00:00,test
browser-use/browser-use,tests/ci/test_browser_session_file_uploads.py,"claude[bot], GitHub",AI,386,2025-06-16T17:48:26+00:00,11,6fab25c043e486d9c6dd55440b3cf639efb541a1,Nick Sweeting,Human,1473,2025-08-14T21:32:29+00:00,test
browser-use/browser-use,tests/ci/test_browser_session_file_uploads.py,"claude[bot], GitHub",AI,386,2025-06-16T17:48:26+00:00,11,3bb8fb0feea36a5ec587b35396a4eca538a99d93,Nick Sweeting,Human,1083,2025-08-08T14:15:04+00:00,refactor
browser-use/browser-use,tests/ci/test_browser_session_file_uploads.py,"claude[bot], GitHub",AI,386,2025-06-16T17:48:26+00:00,11,4826041154230834005162a65be319d0b0ebb74c,Nick Sweeting,Human,1078,2025-08-08T04:48:57+00:00,refactor
browser-use/browser-use,tests/ci/test_browser_session_file_uploads.py,"claude[bot], GitHub",AI,386,2025-06-16T17:48:26+00:00,11,ebc3a3846f748ac519cd06c658996cccbb0be6af,Nick Sweeting,Human,3442,2025-08-01T05:10:25+00:00,style
browser-use/browser-use,tests/ci/test_browser_session_file_uploads.py,"claude[bot], GitHub",AI,386,2025-06-16T17:48:26+00:00,11,6c695d0a4269abf660839ffa952e16483dd69e1d,Nick Sweeting,Human,151,2025-06-21T12:39:17+00:00,style
browser-use/browser-use,tests/ci/test_browser_session_file_uploads.py,"claude[bot], GitHub",AI,386,2025-06-16T17:48:26+00:00,11,f85cdd98bc811640e02dd8ce28305d36e45b55b3,Nick Sweeting,Human,6,2025-06-16T23:38:44+00:00,test
browser-use/browser-use,tests/ci/test_browser_session_file_uploads.py,"claude[bot], GitHub",AI,386,2025-06-16T17:48:26+00:00,11,1d31cac481e83416a80dea291d463bbcdd604ea3,Nick Sweeting,Human,651,2025-06-16T23:36:06+00:00,test
browser-use/browser-use,tests/ci/test_browser_session_file_uploads.py,"claude[bot], GitHub",AI,386,2025-06-16T17:48:26+00:00,11,ffea60ad79e93b7cce7d00d00b7e1da46ca76320,Nick Sweeting,Human,179,2025-06-16T22:48:13+00:00,style
browser-use/browser-use,tests/ci/test_browser_session_file_uploads.py,"claude[bot], GitHub",AI,386,2025-06-16T17:48:26+00:00,11,c16bfa4f65fef51825382d4463e581c781b094c0,"claude[bot], GitHub",AI,386,2025-06-16T17:48:26+00:00,test
browser-use/browser-use,tests/test_action_filters.py,Nick Sweeting,Human,243,2025-03-28T02:06:12+00:00,8,340bafdd29f574bb7d17c96fc045e1118bba337f,Nick Sweeting,Human,678,2025-06-21T11:47:46+00:00,refactor
browser-use/browser-use,tests/test_action_filters.py,Nick Sweeting,Human,243,2025-03-28T02:06:12+00:00,8,8ea4b4c71a895b90b1245459a6a711a37582b035,yasithdev,Human,381,2025-06-15T19:08:33+00:00,style
browser-use/browser-use,tests/test_action_filters.py,Nick Sweeting,Human,243,2025-03-28T02:06:12+00:00,8,96682d8910c1305f8e0d191d0bad929659bda576,Nick Sweeting,Human,42,2025-05-10T01:14:07+00:00,chore
browser-use/browser-use,tests/test_action_filters.py,Nick Sweeting,Human,243,2025-03-28T02:06:12+00:00,8,192b42ff7977efe004e5dc0ff2d6373b7114056c,lynn,Human,13,2025-04-22T07:43:01+00:00,chore
browser-use/browser-use,tests/test_action_filters.py,Nick Sweeting,Human,243,2025-03-28T02:06:12+00:00,8,82adf4520df9d15464d9c0e9263278d8c0887123,Nick Sweeting,Human,71,2025-03-28T06:48:01+00:00,fix
browser-use/browser-use,tests/test_action_filters.py,Nick Sweeting,Human,243,2025-03-28T02:06:12+00:00,8,5535a1ec0aa2171f16f5de9e46770a479eb18692,Nick Sweeting,Human,190,2025-03-28T06:43:31+00:00,chore
browser-use/browser-use,tests/test_action_filters.py,Nick Sweeting,Human,243,2025-03-28T02:06:12+00:00,8,cc98598fb9fd04ba1aab0030e2e42800a1c57ea4,Nick Sweeting,Human,470,2025-03-28T06:00:25+00:00,test
browser-use/browser-use,tests/test_action_filters.py,Nick Sweeting,Human,243,2025-03-28T02:06:12+00:00,8,96ffecdd2af43929d75fe3ff030631b97e3e40ac,Nick Sweeting,Human,243,2025-03-28T02:06:12+00:00,test
browser-use/browser-use,.cursor/rules/browser-use-rules.mdc,Magnus Müller,Human,83,2025-05-21T12:19:30+00:00,12,94cb5262ed85e3c234fe695530ca6d3e729c373a,Alezander9,Human,985,2025-10-18T02:54:22+00:00,docs
browser-use/browser-use,.cursor/rules/browser-use-rules.mdc,Magnus Müller,Human,83,2025-05-21T12:19:30+00:00,12,78cb7e5466a252574afe743c1a839736eae83d37,Magnus Müller,Human,194,2025-08-26T23:19:53+00:00,refactor
browser-use/browser-use,.cursor/rules/browser-use-rules.mdc,Magnus Müller,Human,83,2025-05-21T12:19:30+00:00,12,dbfaffa8d1438b7187e3befadab9c1c6129e9b0e,Magnus Müller,Human,78,2025-08-26T18:24:06+00:00,docs
browser-use/browser-use,.cursor/rules/browser-use-rules.mdc,Magnus Müller,Human,83,2025-05-21T12:19:30+00:00,12,13dd73b23a23cbe752fbc12195f212bedf0a5e94,Magnus Müller,Human,104,2025-08-26T18:13:27+00:00,docs
browser-use/browser-use,.cursor/rules/browser-use-rules.mdc,Magnus Müller,Human,83,2025-05-21T12:19:30+00:00,12,d3821c76d6cabc59ff83400263d69a0abe5743a1,Gregor Žunič,Human,58,2025-08-19T17:05:39+00:00,docs
browser-use/browser-use,.cursor/rules/browser-use-rules.mdc,Magnus Müller,Human,83,2025-05-21T12:19:30+00:00,12,90757686fc077bbe3bd5cf73384b86fd37220750,Magnus Müller,Human,263,2025-08-19T01:57:13+00:00,refactor
browser-use/browser-use,.cursor/rules/browser-use-rules.mdc,Magnus Müller,Human,83,2025-05-21T12:19:30+00:00,12,dbb4222141a86770cab72a1ab9bc99b4c6006abd,mertunsall,Human,6,2025-07-14T11:32:29+00:00,chore
browser-use/browser-use,.cursor/rules/browser-use-rules.mdc,Magnus Müller,Human,83,2025-05-21T12:19:30+00:00,12,220f0bc99460d9097a02905b7c492a085f74d0f3,mertunsall,Human,160,2025-07-05T08:32:49+00:00,chore
browser-use/browser-use,.cursor/rules/browser-use-rules.mdc,Magnus Müller,Human,83,2025-05-21T12:19:30+00:00,12,7a10ae0c968b41270551947465ff8962a1955c12,Gregor Žunič,Human,7198,2025-06-24T10:26:55+00:00,docs
browser-use/browser-use,.cursor/rules/browser-use-rules.mdc,Magnus Müller,Human,83,2025-05-21T12:19:30+00:00,12,3592eddc490e0f22f56c204f0d6119fce0ee63b9,Nick Sweeting,Human,7,2025-05-28T00:09:28+00:00,docs
browser-use/browser-use,.cursor/rules/browser-use-rules.mdc,Magnus Müller,Human,83,2025-05-21T12:19:30+00:00,12,649b78c8468a0c3598467f8315615001e35dfd90,Magnus Müller,Human,10,2025-05-21T12:40:16+00:00,docs
browser-use/browser-use,.cursor/rules/browser-use-rules.mdc,Magnus Müller,Human,83,2025-05-21T12:19:30+00:00,12,2ef87d876443b4f0c0b3d3f253afd93b4e20d26c,Magnus Müller,Human,83,2025-05-21T12:19:30+00:00,docs
browser-use/browser-use,examples/models/novita.py,Jason,Human,44,2025-04-16T07:09:11+00:00,7,90757686fc077bbe3bd5cf73384b86fd37220750,Magnus Müller,Human,263,2025-08-19T01:57:13+00:00,refactor
browser-use/browser-use,examples/models/novita.py,Jason,Human,44,2025-04-16T07:09:11+00:00,7,7a10ae0c968b41270551947465ff8962a1955c12,Gregor Žunič,Human,7198,2025-06-24T10:26:55+00:00,docs
browser-use/browser-use,examples/models/novita.py,Jason,Human,44,2025-04-16T07:09:11+00:00,7,f17cf4de7541d8f66f3132e5fe92580f5e3187fb,Nick Sweeting,Human,109,2025-05-14T00:25:08+00:00,style
browser-use/browser-use,examples/models/novita.py,Jason,Human,44,2025-04-16T07:09:11+00:00,7,bfcd8a0140d80383ce83f4e8c657d3ca2fc4b35d,Nick Sweeting,Human,627,2025-05-13T23:42:26+00:00,style
browser-use/browser-use,examples/models/novita.py,Jason,Human,44,2025-04-16T07:09:11+00:00,7,25bfd67c17cb7504a517587c506a787ce2e5e6ae,Jason,Human,13,2025-04-16T13:55:49+00:00,docs
browser-use/browser-use,examples/models/novita.py,Jason,Human,44,2025-04-16T07:09:11+00:00,7,45dc23caf4b0d18f7eb214d18273202c3c3192b3,Jason,Human,21,2025-04-16T10:21:12+00:00,chore
browser-use/browser-use,examples/models/novita.py,Jason,Human,44,2025-04-16T07:09:11+00:00,7,2f8e78a90070975b67e341438337008ec1ca3a40,Jason,Human,83,2025-04-16T07:09:11+00:00,docs
microsoft/autogen,python/packages/autogen-ext/tests/teams/__init__.py,"Copilot, GitHub",AI,1,2025-07-29T22:31:42+00:00,1,ca3d693b19e4a3f99d12519a80747f9bba81eead,"Copilot, GitHub",AI,209,2025-07-29T22:31:42+00:00,chore
microsoft/autogen,python/samples/agentchat_dspy/single_agent.py,"Copilot, GitHub",AI,0,2025-07-20T07:30:42+00:00,1,7c536a8c95b9600f7c30e08473148839ecaf57c7,"Copilot, GitHub",AI,131,2025-07-20T07:30:42+00:00,fix
microsoft/autogen,python/packages/autogen-core/tests/test_static_workbench_overrides.py,"Copilot, GitHub",AI,285,2025-07-06T20:39:05+00:00,1,0bd99ee516ccc14f3d5edb33e7d9795363598fe3,"Copilot, GitHub",AI,792,2025-07-06T20:39:05+00:00,feat
microsoft/autogen,python/packages/autogen-ext/tests/tools/test_mcp_workbench_overrides.py,"Copilot, GitHub",AI,298,2025-07-06T20:39:05+00:00,1,0bd99ee516ccc14f3d5edb33e7d9795363598fe3,"Copilot, GitHub",AI,792,2025-07-06T20:39:05+00:00,feat
microsoft/autogen,python/packages/autogen-ext/tests/teams/test_magentic_one.py,"Copilot, GitHub",AI,138,2025-07-29T22:31:42+00:00,3,17d3aef9f558727057bc1819a468fea8699c2b7c,"Eric Zhu, GitHub",Human,169,2025-09-18T00:40:31+00:00,feat
microsoft/autogen,python/packages/autogen-ext/tests/teams/test_magentic_one.py,"Copilot, GitHub",AI,138,2025-07-29T22:31:42+00:00,3,c1e4ae6819826d6098012114915a8ace5a29f17d,"Eric Zhu, GitHub",Human,555,2025-08-02T00:13:38+00:00,feat
microsoft/autogen,python/packages/autogen-ext/tests/teams/test_magentic_one.py,"Copilot, GitHub",AI,138,2025-07-29T22:31:42+00:00,3,ca3d693b19e4a3f99d12519a80747f9bba81eead,"Copilot, GitHub",AI,209,2025-07-29T22:31:42+00:00,chore
microsoft/autogen,python/packages/autogen-core/docs/src/reference/python/autogen_ext.tools.mcp.rst,"Richárd Gyikó, GitHub",Human,8,2025-02-09T05:20:00+00:00,2,89841b6aaf08b8ad24698e2cae457fcaca355f9f,"Eric Zhu, GitHub",Human,1429,2025-07-07T01:38:39+00:00,build
microsoft/autogen,python/packages/autogen-core/docs/src/reference/python/autogen_ext.tools.mcp.rst,"Richárd Gyikó, GitHub",Human,8,2025-02-09T05:20:00+00:00,2,5308b76d5f8d8b102756831a20000849975534e5,"Richárd Gyikó, GitHub",Human,804,2025-02-09T05:20:00+00:00,docs
microsoft/autogen,python/packages/autogen-core/docs/src/reference/python/autogen_ext.code_executors.jupyter.rst,"Leon De Andrade, GitHub",Human,8,2025-01-18T21:11:40+00:00,2,89841b6aaf08b8ad24698e2cae457fcaca355f9f,"Eric Zhu, GitHub",Human,1429,2025-07-07T01:38:39+00:00,build
microsoft/autogen,python/packages/autogen-core/docs/src/reference/python/autogen_ext.code_executors.jupyter.rst,"Leon De Andrade, GitHub",Human,8,2025-01-18T21:11:40+00:00,2,34bc82e24ff7e35fd81eced8ac139ca7c93bec52,"Leon De Andrade, GitHub",Human,457,2025-01-18T21:11:40+00:00,docs
microsoft/autogen,python/packages/autogen-studio/autogenstudio/eval/runners.py,"Victor Dibia, GitHub",Human,201,2025-04-09T02:44:45+00:00,1,32d2a18bf1a7c0822a5e3f3eef04f973437ec73c,"Victor Dibia, GitHub",Human,3201,2025-04-09T02:44:45+00:00,feat
microsoft/autogen,python/samples/task_centric_memory/configs/retrieval.yaml,"Ricky Loynd, GitHub",Human,38,2025-03-04T17:56:49+00:00,1,97536af7a3a0d2550d961d46cf14dbd31c2788d5,"Ricky Loynd, GitHub",Human,6304,2025-03-04T17:56:49+00:00,docs
microsoft/autogen,dotnet/src/Microsoft.AutoGen/Contracts/PythonEquiv/ISubscriptionDefinition.cs,"Jacob Alber, Jack Gerrits",Human,20,2025-01-27T15:25:00+00:00,4,b16b94feb8bd89ef07c14fc7f34419490924b993,Jack Gerrits,Human,3938,2025-01-27T20:35:06+00:00,refactor
microsoft/autogen,dotnet/src/Microsoft.AutoGen/Contracts/PythonEquiv/ISubscriptionDefinition.cs,"Jacob Alber, Jack Gerrits",Human,20,2025-01-27T15:25:00+00:00,4,b69af4aedf290d2e50a101df01d70f62f285259b,"Griffin Bassman, Jack Gerrits",Human,33,2025-01-27T19:45:57+00:00,docs
microsoft/autogen,dotnet/src/Microsoft.AutoGen/Contracts/PythonEquiv/ISubscriptionDefinition.cs,"Jacob Alber, Jack Gerrits",Human,20,2025-01-27T15:25:00+00:00,4,1a789dfcc44dc2f90b2bf2805a78a4e4f4112c4a,"Griffin Bassman, Jack Gerrits",Human,21,2025-01-27T17:12:13+00:00,style
microsoft/autogen,dotnet/src/Microsoft.AutoGen/Contracts/PythonEquiv/ISubscriptionDefinition.cs,"Jacob Alber, Jack Gerrits",Human,20,2025-01-27T15:25:00+00:00,4,0100201dd41111473f8624cbf1ab1c2a926f8c93,"Jacob Alber, Jack Gerrits",Human,308,2025-01-27T15:25:00+00:00,feat
mendableai/firecrawl,apps/api/src/__tests__/snips/iframe-selectors.test.ts,"devin-ai-integration[bot], GitHub",AI,73,2025-07-25T16:56:08+00:00,2,051cc2bffc9e2722a1ca2db8d91bc8c99265910a,Gergő Móricz,Human,4783,2025-08-03T21:36:14+00:00,refactor
mendableai/firecrawl,apps/api/src/__tests__/snips/iframe-selectors.test.ts,"devin-ai-integration[bot], GitHub",AI,73,2025-07-25T16:56:08+00:00,2,659e05b72144e5e98f205fb26cf61ab36b0dc02c,"devin-ai-integration[bot], GitHub",AI,88,2025-07-25T16:56:08+00:00,test
mendableai/firecrawl,apps/js-sdk/firecrawl/src/__tests__/v1/snips/change-tracking.test.ts,"devin-ai-integration[bot], GitHub",AI,105,2025-04-12T23:47:24+00:00,2,950a9512bd12a172afdff7ed64027e1975b355ad,Nicolas,Human,107,2025-04-13T00:21:36+00:00,build
mendableai/firecrawl,apps/js-sdk/firecrawl/src/__tests__/v1/snips/change-tracking.test.ts,"devin-ai-integration[bot], GitHub",AI,105,2025-04-12T23:47:24+00:00,2,ef341399f00df3ec4082ecba6d123766a62f2dbf,"devin-ai-integration[bot], GitHub",AI,274,2025-04-12T23:47:24+00:00,feat
mendableai/firecrawl,apps/api/src/lib/gcs-pdf-cache.ts,"devin-ai-integration[bot], GitHub",AI,112,2025-05-16T15:04:38+00:00,8,8beb05c726718c0d49bd37c4979a08f9d0416f70,Gergő Móricz,Human,3384,2025-09-09T17:41:17+00:00,build
mendableai/firecrawl,apps/api/src/lib/gcs-pdf-cache.ts,"devin-ai-integration[bot], GitHub",AI,112,2025-05-16T15:04:38+00:00,8,c5277965afda9cb53c5bbac4f7403dabb50c4d7e,"tom, GitHub",Human,31959,2025-09-02T14:08:10+00:00,chore
mendableai/firecrawl,apps/api/src/lib/gcs-pdf-cache.ts,"devin-ai-integration[bot], GitHub",AI,112,2025-05-16T15:04:38+00:00,8,4291af2c3f7ef5ca051632d64e8bf06f08623e8e,"Gergő Móricz, GitHub",Human,46,2025-09-01T13:54:52+00:00,ci
mendableai/firecrawl,apps/api/src/lib/gcs-pdf-cache.ts,"devin-ai-integration[bot], GitHub",AI,112,2025-05-16T15:04:38+00:00,8,3f0b8b8e27426a55242a7e9d24bb14fcf13135b3,"Gergő Móricz, GitHub",Human,898,2025-06-20T17:40:28+00:00,refactor
mendableai/firecrawl,apps/api/src/lib/gcs-pdf-cache.ts,"devin-ai-integration[bot], GitHub",AI,112,2025-05-16T15:04:38+00:00,8,af88218fad3bf9d0fd9ec6f27ae09bdfe5555a01,"Thomas Kosmas, GitHub",Human,41,2025-06-05T19:27:00+00:00,ci
mendableai/firecrawl,apps/api/src/lib/gcs-pdf-cache.ts,"devin-ai-integration[bot], GitHub",AI,112,2025-05-16T15:04:38+00:00,8,b03670a8b7571a96ed520aa0349d27173d98d68f,"Gergő Móricz, GitHub",Human,1281,2025-05-23T11:45:53+00:00,build
mendableai/firecrawl,apps/api/src/lib/gcs-pdf-cache.ts,"devin-ai-integration[bot], GitHub",AI,112,2025-05-16T15:04:38+00:00,8,fd74299134f1450db6e2f999ebf605c65369ec0e,"Gergő Móricz, GitHub",Human,131,2025-05-22T20:26:01+00:00,test
mendableai/firecrawl,apps/api/src/lib/gcs-pdf-cache.ts,"devin-ai-integration[bot], GitHub",AI,112,2025-05-16T15:04:38+00:00,8,526165e1b9e3d67f522dab793580921bfa44a73a,"devin-ai-integration[bot], GitHub",AI,248,2025-05-16T15:04:38+00:00,feat
mendableai/firecrawl,apps/api/src/controllers/v2/batch-scrape.ts,"devin-ai-integration[bot], Gergő Móricz",AI,203,2025-07-25T16:58:38+00:00,19,54f148204ff7c6388a0bbca7c9b967646b5eca29,"Gergő Móricz, GitHub",Human,1892,2025-10-23T15:31:15+00:00,test
mendableai/firecrawl,apps/api/src/controllers/v2/batch-scrape.ts,"devin-ai-integration[bot], Gergő Móricz",AI,203,2025-07-25T16:58:38+00:00,19,186335ebb7d0ea2f3cdef7d449f702d0332e70f0,Gergő Móricz,Human,2940,2025-10-20T16:39:48+00:00,chore
mendableai/firecrawl,apps/api/src/controllers/v2/batch-scrape.ts,"devin-ai-integration[bot], Gergő Móricz",AI,203,2025-07-25T16:58:38+00:00,19,864b03c1bb07faacb2c2498c95ff39adf086178c,Gergő Móricz,Human,232,2025-10-19T15:37:48+00:00,feat
mendableai/firecrawl,apps/api/src/controllers/v2/batch-scrape.ts,"devin-ai-integration[bot], Gergő Móricz",AI,203,2025-07-25T16:58:38+00:00,19,c3761309746b2b9832826c90f4dae4e8e752dd85,"Gergő Móricz, GitHub",Human,2317,2025-10-18T17:57:11+00:00,feat
mendableai/firecrawl,apps/api/src/controllers/v2/batch-scrape.ts,"devin-ai-integration[bot], Gergő Móricz",AI,203,2025-07-25T16:58:38+00:00,19,56b0ba7ba470d43e5e10cb91f8c6fdae5ba7af66,Gergő Móricz,Human,14,2025-10-10T13:44:04+00:00,fix
mendableai/firecrawl,apps/api/src/controllers/v2/batch-scrape.ts,"devin-ai-integration[bot], Gergő Móricz",AI,203,2025-07-25T16:58:38+00:00,19,beee46987e8d86e2c2947f6726710fd4a7d26adf,"Ademílson Tonato, GitHub",Human,1798,2025-10-09T15:49:37+00:00,fix
mendableai/firecrawl,apps/api/src/controllers/v2/batch-scrape.ts,"devin-ai-integration[bot], Gergő Móricz",AI,203,2025-07-25T16:58:38+00:00,19,e50a270986cf69f3f614b7dae3e826be34a791d4,Gergő Móricz,Human,31,2025-10-09T15:23:01+00:00,feat
mendableai/firecrawl,apps/api/src/controllers/v2/batch-scrape.ts,"devin-ai-integration[bot], Gergő Móricz",AI,203,2025-07-25T16:58:38+00:00,19,3065838555b616d285468085d67ee159e9e5547d,Ademílson Tonato,Human,121,2025-10-03T15:48:57+00:00,build
mendableai/firecrawl,apps/api/src/controllers/v2/batch-scrape.ts,"devin-ai-integration[bot], Gergő Móricz",AI,203,2025-07-25T16:58:38+00:00,19,f3d760276a2306eca273934da052c9894e1a416c,Gergő Móricz,Human,13,2025-09-09T17:09:30+00:00,refactor
mendableai/firecrawl,apps/api/src/controllers/v2/batch-scrape.ts,"devin-ai-integration[bot], Gergő Móricz",AI,203,2025-07-25T16:58:38+00:00,19,fc7be6708f1c670436148fd59dec72a7e68e2b96,"Gergő Móricz, GitHub",Human,4634,2025-09-06T09:15:11+00:00,feat
mendableai/firecrawl,apps/api/src/controllers/v2/batch-scrape.ts,"devin-ai-integration[bot], Gergő Móricz",AI,203,2025-07-25T16:58:38+00:00,19,de246c5e827bae5130d3778b7317609fbb4bc03c,"tom, GitHub",Human,174,2025-09-05T14:03:00+00:00,feat
mendableai/firecrawl,apps/api/src/controllers/v2/batch-scrape.ts,"devin-ai-integration[bot], Gergő Móricz",AI,203,2025-07-25T16:58:38+00:00,19,3414ca24753ba743155317d964dfc88eef88b007,"tom, GitHub",Human,1096,2025-09-04T15:09:57+00:00,refactor
mendableai/firecrawl,apps/api/src/controllers/v2/batch-scrape.ts,"devin-ai-integration[bot], Gergő Móricz",AI,203,2025-07-25T16:58:38+00:00,19,c5277965afda9cb53c5bbac4f7403dabb50c4d7e,"tom, GitHub",Human,31959,2025-09-02T14:08:10+00:00,chore
mendableai/firecrawl,apps/api/src/controllers/v2/batch-scrape.ts,"devin-ai-integration[bot], Gergő Móricz",AI,203,2025-07-25T16:58:38+00:00,19,4d45f3b890ab2cf49a1a068e4d1a1d9caec802bd,"Gergő Móricz, GitHub",Human,279,2025-08-29T09:41:16+00:00,fix
mendableai/firecrawl,apps/api/src/controllers/v2/batch-scrape.ts,"devin-ai-integration[bot], Gergő Móricz",AI,203,2025-07-25T16:58:38+00:00,19,f672e542725ee9e4e5f438117fa819afae6c67d6,Gergő Móricz,Human,28,2025-08-13T18:13:36+00:00,fix
mendableai/firecrawl,apps/api/src/controllers/v2/batch-scrape.ts,"devin-ai-integration[bot], Gergő Móricz",AI,203,2025-07-25T16:58:38+00:00,19,113a2bf81baa25f278832da1482f3f725aa9b9b5,Gergő Móricz,Human,14,2025-08-03T22:44:53+00:00,test
mendableai/firecrawl,apps/api/src/controllers/v2/batch-scrape.ts,"devin-ai-integration[bot], Gergő Móricz",AI,203,2025-07-25T16:58:38+00:00,19,a0a22cb459a829abd2e88036aca6e0d64bc6825a,Gergő Móricz,Human,46,2025-08-03T22:36:54+00:00,test
mendableai/firecrawl,apps/api/src/controllers/v2/batch-scrape.ts,"devin-ai-integration[bot], Gergő Móricz",AI,203,2025-07-25T16:58:38+00:00,19,b4e0866bdc8b5ec1c9fdce8f1319adb2de00ecbd,"devin-ai-integration[bot], Gergő Móricz",AI,671,2025-07-25T16:58:38+00:00,feat
mendableai/firecrawl,apps/api/src/__tests__/snips/pdf-cache.test.ts,"devin-ai-integration[bot], GitHub",AI,106,2025-05-16T15:04:38+00:00,2,fd74299134f1450db6e2f999ebf605c65369ec0e,"Gergő Móricz, GitHub",Human,131,2025-05-22T20:26:01+00:00,test
mendableai/firecrawl,apps/api/src/__tests__/snips/pdf-cache.test.ts,"devin-ai-integration[bot], GitHub",AI,106,2025-05-16T15:04:38+00:00,2,526165e1b9e3d67f522dab793580921bfa44a73a,"devin-ai-integration[bot], GitHub",AI,248,2025-05-16T15:04:38+00:00,feat
mendableai/firecrawl,apps/api/src/__tests__/snips/metadata-concat.test.ts,"devin-ai-integration[bot], GitHub",AI,44,2025-05-20T15:40:53+00:00,3,c5277965afda9cb53c5bbac4f7403dabb50c4d7e,"tom, GitHub",Human,31959,2025-09-02T14:08:10+00:00,chore
mendableai/firecrawl,apps/api/src/__tests__/snips/metadata-concat.test.ts,"devin-ai-integration[bot], GitHub",AI,44,2025-05-20T15:40:53+00:00,3,a5a915d639244773484051fe2b53683dafc14ec4,"devin-ai-integration[bot], GitHub",AI,95,2025-05-20T15:40:53+00:00,fix
mendableai/firecrawl,apps/api/src/__tests__/snips/deep-research.test.ts,"devin-ai-integration[bot], GitHub",AI,47,2025-07-03T15:34:02+00:00,2,051cc2bffc9e2722a1ca2db8d91bc8c99265910a,Gergő Móricz,Human,4783,2025-08-03T21:36:14+00:00,refactor
mendableai/firecrawl,apps/api/src/__tests__/snips/deep-research.test.ts,"devin-ai-integration[bot], GitHub",AI,47,2025-07-03T15:34:02+00:00,2,b5b6ca0a322353498b41ecf619399dd718f21c0d,"devin-ai-integration[bot], GitHub",AI,47,2025-07-03T15:34:02+00:00,test
mendableai/firecrawl,apps/js-sdk/firecrawl/src/__tests__/v1/unit/monitor-job-status-retry.test.ts,"Gergő Móricz, GitHub",AI,154,2025-08-01T18:36:32+00:00,2,ec69c309920b7c689cef677f33c69bdeb6e84656,rafaelmmiller,Human,8295,2025-08-12T13:25:41+00:00,chore
mendableai/firecrawl,apps/js-sdk/firecrawl/src/__tests__/v1/unit/monitor-job-status-retry.test.ts,"Gergő Móricz, GitHub",AI,154,2025-08-01T18:36:32+00:00,2,7400e10eaca3454bb786d2f499687a724122489f,"Gergő Móricz, GitHub",Human,4099,2025-08-01T18:36:32+00:00,ci
mendableai/firecrawl,apps/api/src/controllers/v2/crawl-status.ts,"devin-ai-integration[bot], Gergő Móricz",AI,449,2025-07-25T16:58:38+00:00,25,76c7be67e808f2d6f2ae700c7b41bb838ec6a43b,Gergő Móricz,Human,81,2025-10-23T15:45:55+00:00,fix
mendableai/firecrawl,apps/api/src/controllers/v2/crawl-status.ts,"devin-ai-integration[bot], Gergő Móricz",AI,449,2025-07-25T16:58:38+00:00,25,54f148204ff7c6388a0bbca7c9b967646b5eca29,"Gergő Móricz, GitHub",Human,1892,2025-10-23T15:31:15+00:00,test
mendableai/firecrawl,apps/api/src/controllers/v2/crawl-status.ts,"devin-ai-integration[bot], Gergő Móricz",AI,449,2025-07-25T16:58:38+00:00,25,186335ebb7d0ea2f3cdef7d449f702d0332e70f0,Gergő Móricz,Human,2940,2025-10-20T16:39:48+00:00,chore
mendableai/firecrawl,apps/api/src/controllers/v2/crawl-status.ts,"devin-ai-integration[bot], Gergő Móricz",AI,449,2025-07-25T16:58:38+00:00,25,8c709b8ec1c395aeef5e9827ab148296d27e1d5b,Gergő Móricz,Human,8,2025-10-18T19:00:39+00:00,fix
mendableai/firecrawl,apps/api/src/controllers/v2/crawl-status.ts,"devin-ai-integration[bot], Gergő Móricz",AI,449,2025-07-25T16:58:38+00:00,25,1e640534f007fbf12833e95c55fc4994d1ed6d99,Ademílson Tonato,Human,50,2025-10-14T22:05:42+00:00,fix
mendableai/firecrawl,apps/api/src/controllers/v2/crawl-status.ts,"devin-ai-integration[bot], Gergő Móricz",AI,449,2025-07-25T16:58:38+00:00,25,3d8e21e68bebf0530c7421f37f033306a59f85e4,"Ademílson Tonato, GitHub",Human,2,2025-10-08T16:48:16+00:00,fix
mendableai/firecrawl,apps/api/src/controllers/v2/crawl-status.ts,"devin-ai-integration[bot], Gergő Móricz",AI,449,2025-07-25T16:58:38+00:00,25,92d34d36cf66764af2e5240771918fce6ab1e0a5,"Ademílson Tonato, GitHub",Human,677,2025-10-06T14:54:37+00:00,chore
mendableai/firecrawl,apps/api/src/controllers/v2/crawl-status.ts,"devin-ai-integration[bot], Gergő Móricz",AI,449,2025-07-25T16:58:38+00:00,25,0078a8fde27da06f3b30670727b1374dfad0c95d,Gergő Móricz,Human,236,2025-10-05T14:37:12+00:00,fix
mendableai/firecrawl,apps/api/src/controllers/v2/crawl-status.ts,"devin-ai-integration[bot], Gergő Móricz",AI,449,2025-07-25T16:58:38+00:00,25,628c22c2c5479cdb77f05817963b8698c8b22bb8,Ademílson Tonato,Human,66,2025-10-04T17:21:02+00:00,test
mendableai/firecrawl,apps/api/src/controllers/v2/crawl-status.ts,"devin-ai-integration[bot], Gergő Móricz",AI,449,2025-07-25T16:58:38+00:00,25,75debd6f69939c8814d4aa4cd63c72fb4643a8af,Ademílson Tonato,Human,281,2025-10-03T15:06:42+00:00,test
mendableai/firecrawl,apps/api/src/controllers/v2/crawl-status.ts,"devin-ai-integration[bot], Gergő Móricz",AI,449,2025-07-25T16:58:38+00:00,25,e4c992114e478ccf2f23fdeee2e1981623ba0093,Gergő Móricz,Human,4,2025-10-01T12:45:50+00:00,fix
mendableai/firecrawl,apps/api/src/controllers/v2/crawl-status.ts,"devin-ai-integration[bot], Gergő Móricz",AI,449,2025-07-25T16:58:38+00:00,25,91f22e2e67e208a1897feebe36c8cde79bffda85,"Gergő Móricz, GitHub",Human,4,2025-10-01T12:36:49+00:00,refactor
mendableai/firecrawl,apps/api/src/controllers/v2/crawl-status.ts,"devin-ai-integration[bot], Gergő Móricz",AI,449,2025-07-25T16:58:38+00:00,25,0594c2b3a664d64b50bd65bf9b86a5d3fbce5953,Gergő Móricz,Human,70,2025-09-15T12:40:26+00:00,fix
mendableai/firecrawl,apps/api/src/controllers/v2/crawl-status.ts,"devin-ai-integration[bot], Gergő Móricz",AI,449,2025-07-25T16:58:38+00:00,25,65fee317a6c75a35d5d6c48f7af0bfbcd5d30929,"Gergő Móricz, GitHub",Human,837,2025-09-11T15:50:44+00:00,ci
mendableai/firecrawl,apps/api/src/controllers/v2/crawl-status.ts,"devin-ai-integration[bot], Gergő Móricz",AI,449,2025-07-25T16:58:38+00:00,25,fc7be6708f1c670436148fd59dec72a7e68e2b96,"Gergő Móricz, GitHub",Human,4634,2025-09-06T09:15:11+00:00,feat
mendableai/firecrawl,apps/api/src/controllers/v2/crawl-status.ts,"devin-ai-integration[bot], Gergő Móricz",AI,449,2025-07-25T16:58:38+00:00,25,c5277965afda9cb53c5bbac4f7403dabb50c4d7e,"tom, GitHub",Human,31959,2025-09-02T14:08:10+00:00,chore
mendableai/firecrawl,apps/api/src/controllers/v2/crawl-status.ts,"devin-ai-integration[bot], Gergő Móricz",AI,449,2025-07-25T16:58:38+00:00,25,b2d50fcb96b1880adbc361dde66a996c19109234,Nicolas,Human,41,2025-08-29T04:20:27+00:00,fix
mendableai/firecrawl,apps/api/src/controllers/v2/crawl-status.ts,"devin-ai-integration[bot], Gergő Móricz",AI,449,2025-07-25T16:58:38+00:00,25,a1b7de7b8ac10ca58f5b670b85a093e42a044ea8,Nicolas,Human,4,2025-08-23T00:20:27+00:00,fix
mendableai/firecrawl,apps/api/src/controllers/v2/crawl-status.ts,"devin-ai-integration[bot], Gergő Móricz",AI,449,2025-07-25T16:58:38+00:00,25,0d4c0e0e7ef28afdd0cefc55fd63ab3f5f41e567,Gergő Móricz,Human,370,2025-08-20T10:27:52+00:00,revert
mendableai/firecrawl,apps/api/src/controllers/v2/crawl-status.ts,"devin-ai-integration[bot], Gergő Móricz",AI,449,2025-07-25T16:58:38+00:00,25,23b079052eb485eb2ec04763234d45954f4f7858,Gergő Móricz,Human,366,2025-08-20T09:30:18+00:00,feat
mendableai/firecrawl,apps/api/src/controllers/v2/crawl-status.ts,"devin-ai-integration[bot], Gergő Móricz",AI,449,2025-07-25T16:58:38+00:00,25,0dd3ac8f16f6b79c080e90e1fea41634eeb313f5,"Gergő Móricz, GitHub",Human,897,2025-08-15T19:16:11+00:00,test
mendableai/firecrawl,apps/api/src/controllers/v2/crawl-status.ts,"devin-ai-integration[bot], Gergő Móricz",AI,449,2025-07-25T16:58:38+00:00,25,281ce258a3dad11ac50df649eeee6aaeb6ced8bb,Gergő Móricz,Human,433,2025-07-26T14:15:47+00:00,refactor
mendableai/firecrawl,apps/api/src/controllers/v2/crawl-status.ts,"devin-ai-integration[bot], Gergő Móricz",AI,449,2025-07-25T16:58:38+00:00,25,b4e0866bdc8b5ec1c9fdce8f1319adb2de00ecbd,"devin-ai-integration[bot], Gergő Móricz",AI,671,2025-07-25T16:58:38+00:00,feat
mendableai/firecrawl,examples/gemini-2.5-web-extractor/.env.example,Aparup Ganguly,Human,8,2025-03-26T12:21:29+00:00,1,be43598071918cdfb69e983dac367660470f7e83,Aparup Ganguly,Human,344,2025-03-26T12:21:29+00:00,chore
mendableai/firecrawl,examples/gpt-4.1-web-crawler/gpt-4.1-web-crawler.py,Aparup Ganguly,Human,261,2025-04-14T19:18:19+00:00,1,5dca350a11ca5cb3b8c357cf14df9a4ff2edeb91,Aparup Ganguly,Human,389,2025-04-14T19:18:19+00:00,chore
mendableai/firecrawl,apps/api/src/__tests__/snips/webhook.test.ts,"Gergő Móricz, GitHub",Human,118,2025-06-04T14:11:47+00:00,4,051cc2bffc9e2722a1ca2db8d91bc8c99265910a,Gergő Móricz,Human,4783,2025-08-03T21:36:14+00:00,refactor
mendableai/firecrawl,apps/api/src/__tests__/snips/webhook.test.ts,"Gergő Móricz, GitHub",Human,118,2025-06-04T14:11:47+00:00,4,ae94edd43ec8e09f56da07a03d877cff85bb8eb3,"Gergő Móricz, GitHub",Human,644,2025-06-24T13:36:05+00:00,ci
mendableai/firecrawl,apps/api/src/__tests__/snips/webhook.test.ts,"Gergő Móricz, GitHub",Human,118,2025-06-04T14:11:47+00:00,4,9174e0c8a0c606560904cd99bd6bf7df130ae687,"Gergő Móricz, GitHub",Human,347,2025-06-20T20:57:23+00:00,test
mendableai/firecrawl,apps/api/src/__tests__/snips/webhook.test.ts,"Gergő Móricz, GitHub",Human,118,2025-06-04T14:11:47+00:00,4,077c5dd8ec6b047961c80990f186bfab05ea035b,"Gergő Móricz, GitHub",Human,156,2025-06-04T14:11:47+00:00,ci
mendableai/firecrawl,examples/llama-4-maverick-web-crawler/README.md,Aparup Ganguly,Human,78,2025-04-07T13:05:23+00:00,1,17ea3ff3553512b41334cd7d1a74a9d380f1e2ad,Aparup Ganguly,Human,373,2025-04-07T13:05:23+00:00,chore
mendableai/firecrawl,apps/rust-sdk/src/llmstxt.rs,"kkharji, GitHub",Human,426,2025-04-18T04:59:59+00:00,1,f2c01340d19b8f2d15d5622a50f116464b16997a,"kkharji, GitHub",Human,4503,2025-04-18T04:59:59+00:00,build
mendableai/firecrawl,apps/python-sdk/example_async.py,"Rafael Miller, GitHub",Human,168,2025-04-18T08:32:55+00:00,4,f22fba62959ab6da577d40ab968a21953afa29bf,rafaelmmiller,Human,7683,2025-08-05T20:41:12+00:00,feat
mendableai/firecrawl,apps/python-sdk/example_async.py,"Rafael Miller, GitHub",Human,168,2025-04-18T08:32:55+00:00,4,9e259571b1fcb4ed3809691b23673a7bfc9d2afe,"Rafael Miller, GitHub",Human,328,2025-04-18T20:42:36+00:00,fix
mendableai/firecrawl,apps/python-sdk/example_async.py,"Rafael Miller, GitHub",Human,168,2025-04-18T08:32:55+00:00,4,a74b2dc59f0394bcc6c74d96c607bc51ef558d6c,Nicolas,Human,70,2025-04-18T08:54:15+00:00,refactor
mendableai/firecrawl,apps/python-sdk/example_async.py,"Rafael Miller, GitHub",Human,168,2025-04-18T08:32:55+00:00,4,29b36c5f9aafa6b5bd63100cc09c5edc786cd4a6,"Rafael Miller, GitHub",Human,4020,2025-04-18T08:32:55+00:00,refactor
mendableai/firecrawl,apps/api/src/__tests__/snips/scrape.test.ts,"Gergő Móricz, GitHub",Human,36,2025-01-13T19:50:47+00:00,62,051cc2bffc9e2722a1ca2db8d91bc8c99265910a,Gergő Móricz,Human,4783,2025-08-03T21:36:14+00:00,refactor
mendableai/firecrawl,apps/api/src/__tests__/snips/scrape.test.ts,"Gergő Móricz, GitHub",Human,36,2025-01-13T19:50:47+00:00,62,3ce09a216df57bb3072046653d643b52262ee50d,Gergő Móricz,Human,860,2025-08-03T11:27:06+00:00,build
mendableai/firecrawl,apps/api/src/__tests__/snips/scrape.test.ts,"Gergő Móricz, GitHub",Human,36,2025-01-13T19:50:47+00:00,62,b0727d3e660abf26d1e2e8f5f02e3d298751ebde,"Gergő Móricz, GitHub",Human,213,2025-08-02T22:14:14+00:00,test
mendableai/firecrawl,apps/api/src/__tests__/snips/scrape.test.ts,"Gergő Móricz, GitHub",Human,36,2025-01-13T19:50:47+00:00,62,2c57231756655727acf9665b051429ddd494fe12,Gergő Móricz,Human,22,2025-08-02T16:24:11+00:00,chore
mendableai/firecrawl,apps/api/src/__tests__/snips/scrape.test.ts,"Gergő Móricz, GitHub",Human,36,2025-01-13T19:50:47+00:00,62,febfa7834d5032de823364aea158717612a4492f,"devin-ai-integration[bot], Gergő Móricz",AI,159,2025-07-25T22:17:55+00:00,feat
mendableai/firecrawl,apps/api/src/__tests__/snips/scrape.test.ts,"Gergő Móricz, GitHub",Human,36,2025-01-13T19:50:47+00:00,62,a08f343a13021df5705fd089a3a05bbdc2fe4e07,"devin-ai-integration[bot], GitHub",AI,97,2025-07-25T16:45:53+00:00,test
mendableai/firecrawl,apps/api/src/__tests__/snips/scrape.test.ts,"Gergő Móricz, GitHub",Human,36,2025-01-13T19:50:47+00:00,62,8f119d80e690191eb3cb146130a22caa94868810,"Gergő Móricz, GitHub",Human,173,2025-07-08T15:17:01+00:00,fix
mendableai/firecrawl,apps/api/src/__tests__/snips/scrape.test.ts,"Gergő Móricz, GitHub",Human,36,2025-01-13T19:50:47+00:00,62,725d416d4e9fe431d71e2370b971bb67059d322a,Gergő Móricz,Human,13,2025-07-07T16:12:08+00:00,chore
mendableai/firecrawl,apps/api/src/__tests__/snips/scrape.test.ts,"Gergő Móricz, GitHub",Human,36,2025-01-13T19:50:47+00:00,62,251e42c2a3f612ab21d2402b1fb3f0dcbb711b70,"devin-ai-integration[bot], GitHub",AI,91,2025-07-03T16:24:52+00:00,test
mendableai/firecrawl,apps/api/src/__tests__/snips/scrape.test.ts,"Gergő Móricz, GitHub",Human,36,2025-01-13T19:50:47+00:00,62,1816cfc4c8fc8b22bca811896d778f431fcc3ffa,"devin-ai-integration[bot], GitHub",AI,63,2025-07-01T13:39:34+00:00,feat
mendableai/firecrawl,apps/api/src/__tests__/snips/scrape.test.ts,"Gergő Móricz, GitHub",Human,36,2025-01-13T19:50:47+00:00,62,ae94edd43ec8e09f56da07a03d877cff85bb8eb3,"Gergő Móricz, GitHub",Human,644,2025-06-24T13:36:05+00:00,ci
mendableai/firecrawl,apps/api/src/__tests__/snips/scrape.test.ts,"Gergő Móricz, GitHub",Human,36,2025-01-13T19:50:47+00:00,62,11f469488e4f0b0072b6de9ff71f56c98cc4b286,"Gergő Móricz, GitHub",Human,35,2025-06-23T19:44:55+00:00,test
mendableai/firecrawl,apps/api/src/__tests__/snips/scrape.test.ts,"Gergő Móricz, GitHub",Human,36,2025-01-13T19:50:47+00:00,62,e7a62dd4902babc2d0b85844dad7f1afed866825,"Gergő Móricz, GitHub",Human,8,2025-06-23T17:57:27+00:00,test
mendableai/firecrawl,apps/api/src/__tests__/snips/scrape.test.ts,"Gergő Móricz, GitHub",Human,36,2025-01-13T19:50:47+00:00,62,e3948ae5b1b756fa2cfe790c3e5f3ee59100d78a,"Gergő Móricz, GitHub",Human,175,2025-06-23T17:03:35+00:00,test
mendableai/firecrawl,apps/api/src/__tests__/snips/scrape.test.ts,"Gergő Móricz, GitHub",Human,36,2025-01-13T19:50:47+00:00,62,9174e0c8a0c606560904cd99bd6bf7df130ae687,"Gergő Móricz, GitHub",Human,347,2025-06-20T20:57:23+00:00,test
mendableai/firecrawl,apps/api/src/__tests__/snips/scrape.test.ts,"Gergő Móricz, GitHub",Human,36,2025-01-13T19:50:47+00:00,62,2082243cb50c7d699d62a04ee7ac4a5a2b779b60,"Meet Soni, GitHub",Human,14,2025-06-20T19:58:45+00:00,test
mendableai/firecrawl,apps/api/src/__tests__/snips/scrape.test.ts,"Gergő Móricz, GitHub",Human,36,2025-01-13T19:50:47+00:00,62,3f0b8b8e27426a55242a7e9d24bb14fcf13135b3,"Gergő Móricz, GitHub",Human,898,2025-06-20T17:40:28+00:00,refactor
mendableai/firecrawl,apps/api/src/__tests__/snips/scrape.test.ts,"Gergő Móricz, GitHub",Human,36,2025-01-13T19:50:47+00:00,62,f93942826439f49336ace29f3060bd31929787cb,"Gergő Móricz, GitHub",Human,72,2025-06-20T09:42:41+00:00,test
mendableai/firecrawl,apps/api/src/__tests__/snips/scrape.test.ts,"Gergő Móricz, GitHub",Human,36,2025-01-13T19:50:47+00:00,62,f8983fffb77f5688f4c92dd5fc687205e0d25f4e,"Gergő Móricz, GitHub",Human,1219,2025-06-20T08:45:36+00:00,ci
mendableai/firecrawl,apps/api/src/__tests__/snips/scrape.test.ts,"Gergő Móricz, GitHub",Human,36,2025-01-13T19:50:47+00:00,62,1de0ae392cc95a8295e21afedca26c4ef12469b5,"Gergő Móricz, GitHub",Human,347,2025-06-05T20:10:06+00:00,test
mendableai/firecrawl,apps/api/src/__tests__/snips/scrape.test.ts,"Gergő Móricz, GitHub",Human,36,2025-01-13T19:50:47+00:00,62,34a18a2d2feb9ba3fe58001985a7a0f6482d8392,"Gergő Móricz, GitHub",Human,137,2025-06-04T21:50:54+00:00,test
mendableai/firecrawl,apps/api/src/__tests__/snips/scrape.test.ts,"Gergő Móricz, GitHub",Human,36,2025-01-13T19:50:47+00:00,62,8dd5bf7bd9ee1a4b0e115a96ce0aeabd69934bde,"Gergő Móricz, GitHub",Human,23,2025-06-03T23:24:19+00:00,test
mendableai/firecrawl,apps/api/src/__tests__/snips/scrape.test.ts,"Gergő Móricz, GitHub",Human,36,2025-01-13T19:50:47+00:00,62,95f204aab7567e9e243917711413cc181729a955,"Gergő Móricz, GitHub",Human,728,2025-06-03T19:30:19+00:00,ci
mendableai/firecrawl,apps/api/src/__tests__/snips/scrape.test.ts,"Gergő Móricz, GitHub",Human,36,2025-01-13T19:50:47+00:00,62,406d696667667d3a7dcf93641c8f1b1bb9aced7d,"Gergő Móricz, GitHub",Human,393,2025-06-03T19:16:36+00:00,test
mendableai/firecrawl,apps/api/src/__tests__/snips/scrape.test.ts,"Gergő Móricz, GitHub",Human,36,2025-01-13T19:50:47+00:00,62,4167ec53eb1176530b2085a41850a8c1fded209d,"Gergő Móricz, GitHub",Human,59,2025-06-02T20:48:16+00:00,test
mendableai/firecrawl,apps/api/src/__tests__/snips/scrape.test.ts,"Gergő Móricz, GitHub",Human,36,2025-01-13T19:50:47+00:00,62,38c96b524f120a068dfae3a35c3a13fcb2d5e889,"Gergő Móricz, GitHub",Human,43,2025-05-29T13:26:07+00:00,fix
mendableai/firecrawl,apps/api/src/__tests__/snips/scrape.test.ts,"Gergő Móricz, GitHub",Human,36,2025-01-13T19:50:47+00:00,62,a36c6a4f401d06f8d27b135727bf10edded431d9,"Gergő Móricz, GitHub",Human,35,2025-05-27T19:33:44+00:00,test
mendableai/firecrawl,apps/api/src/__tests__/snips/scrape.test.ts,"Gergő Móricz, GitHub",Human,36,2025-01-13T19:50:47+00:00,62,b03670a8b7571a96ed520aa0349d27173d98d68f,"Gergő Móricz, GitHub",Human,1281,2025-05-23T11:45:53+00:00,build
mendableai/firecrawl,apps/api/src/__tests__/snips/scrape.test.ts,"Gergő Móricz, GitHub",Human,36,2025-01-13T19:50:47+00:00,62,fab4f005364a13d59a755514012f469ffc29c6a2,"Gergő Móricz, GitHub",Human,147,2025-05-19T17:43:03+00:00,test
mendableai/firecrawl,apps/api/src/__tests__/snips/scrape.test.ts,"Gergő Móricz, GitHub",Human,36,2025-01-13T19:50:47+00:00,62,9435c800c025f41838dee3063582e285f81a3fb5,Gergő Móricz,Human,22,2025-04-23T18:36:19+00:00,test
mendableai/firecrawl,apps/api/src/__tests__/snips/scrape.test.ts,"Gergő Móricz, GitHub",Human,36,2025-01-13T19:50:47+00:00,62,c8a8e96acc91278687ff7a7476d58c2608cb2a0a,Gergő Móricz,Human,44,2025-04-16T00:48:54+00:00,test
mendableai/firecrawl,apps/api/src/__tests__/snips/scrape.test.ts,"Gergő Móricz, GitHub",Human,36,2025-01-13T19:50:47+00:00,62,f09458ffe363d197e56d50848048a3f97fefbc4c,Gergő Móricz,Human,1,2025-04-12T23:49:36+00:00,test
mendableai/firecrawl,apps/api/src/__tests__/snips/scrape.test.ts,"Gergő Móricz, GitHub",Human,36,2025-01-13T19:50:47+00:00,62,138a9757aef81b9a02d2520192af09f999713ca0,"devin-ai-integration[bot], GitHub",AI,430,2025-04-12T23:38:56+00:00,feat
mendableai/firecrawl,apps/api/src/__tests__/snips/scrape.test.ts,"Gergő Móricz, GitHub",Human,36,2025-01-13T19:50:47+00:00,62,78a920af61a6f43d9fd799b10accc767d7b9513d,Gergő Móricz,Human,2,2025-04-09T17:47:38+00:00,test
mendableai/firecrawl,apps/api/src/__tests__/snips/scrape.test.ts,"Gergő Móricz, GitHub",Human,36,2025-01-13T19:50:47+00:00,62,9fd735f3a1fbda29ce34117f70bbe68b7537ffb9,Gergő Móricz,Human,344,2025-04-09T13:45:07+00:00,test
mendableai/firecrawl,apps/api/src/__tests__/snips/scrape.test.ts,"Gergő Móricz, GitHub",Human,36,2025-01-13T19:50:47+00:00,62,8c801ed95672e75501dae03f64b9d7e11f5ca1cb,"devin-ai-integration[bot], GitHub",AI,38,2025-04-08T19:09:31+00:00,refactor
mendableai/firecrawl,apps/api/src/__tests__/snips/scrape.test.ts,"Gergő Móricz, GitHub",Human,36,2025-01-13T19:50:47+00:00,62,24f519935916c368cc91b619477b904cc87fa21f,"Gergő Móricz, GitHub",Human,259,2025-04-02T17:52:43+00:00,test
mendableai/firecrawl,apps/api/src/__tests__/snips/scrape.test.ts,"Gergő Móricz, GitHub",Human,36,2025-01-13T19:50:47+00:00,62,d855f5a56712c960c915356fba5d4402614c2fd8,Gergő Móricz,Human,3,2025-03-12T17:22:40+00:00,test
mendableai/firecrawl,apps/api/src/__tests__/snips/scrape.test.ts,"Gergő Móricz, GitHub",Human,36,2025-01-13T19:50:47+00:00,62,337bc261f7076947caa011897324a2698fb6140a,Gergő Móricz,Human,36,2025-03-12T17:17:52+00:00,test
mendableai/firecrawl,apps/api/src/__tests__/snips/scrape.test.ts,"Gergő Móricz, GitHub",Human,36,2025-01-13T19:50:47+00:00,62,e1cfe1da489090d0bcba77d794cabf7ed6e34d46,"Gergő Móricz, GitHub",Human,91,2025-03-06T16:05:15+00:00,ci
mendableai/firecrawl,apps/api/src/__tests__/snips/scrape.test.ts,"Gergő Móricz, GitHub",Human,36,2025-01-13T19:50:47+00:00,62,9ad947884d03958afe67214a905f10b20eb37d43,"Gergő Móricz, GitHub",Human,737,2025-03-02T19:51:42+00:00,test
mendableai/firecrawl,apps/api/src/__tests__/snips/scrape.test.ts,"Gergő Móricz, GitHub",Human,36,2025-01-13T19:50:47+00:00,62,25d9bdb1f6ff0983e813b0d9fe1902b8fb3e984f,"Nicolas, GitHub",Human,1225,2025-02-20T21:48:58+00:00,build
mendableai/firecrawl,apps/api/src/__tests__/snips/scrape.test.ts,"Gergő Móricz, GitHub",Human,36,2025-01-13T19:50:47+00:00,62,16c305775e34ae632e7ecc95f954d024d3fcc6da,"Gergő Móricz, GitHub",Human,30,2025-02-20T18:06:02+00:00,test
mendableai/firecrawl,apps/api/src/__tests__/snips/scrape.test.ts,"Gergő Móricz, GitHub",Human,36,2025-01-13T19:50:47+00:00,62,283a3bfef3dc3bd5fcb63e90e5c17487472e3b08,"Gergő Móricz, GitHub",Human,24,2025-02-20T17:56:15+00:00,test
mendableai/firecrawl,apps/api/src/__tests__/snips/scrape.test.ts,"Gergő Móricz, GitHub",Human,36,2025-01-13T19:50:47+00:00,62,c38dcd043212786896874947726cfdbc9756dfc9,"Gergő Móricz, GitHub",Human,59,2025-02-20T13:20:03+00:00,ci
mendableai/firecrawl,apps/api/src/__tests__/snips/scrape.test.ts,"Gergő Móricz, GitHub",Human,36,2025-01-13T19:50:47+00:00,62,da1670b78c2024717d1e25f569a2d4873fe31b13,"Gergő Móricz, GitHub",Human,196,2025-02-20T09:41:43+00:00,test
mendableai/firecrawl,apps/api/src/__tests__/snips/scrape.test.ts,"Gergő Móricz, GitHub",Human,36,2025-01-13T19:50:47+00:00,62,55d047b6b362c21a77bc9fca4894222d568f5979,"Gergő Móricz, GitHub",Human,102,2025-02-20T03:11:30+00:00,test
mendableai/firecrawl,apps/api/src/__tests__/snips/scrape.test.ts,"Gergő Móricz, GitHub",Human,36,2025-01-13T19:50:47+00:00,62,c39cc27866b9b9abbf4535b2c67a8f89dade9789,"Gergő Móricz, GitHub",Human,958,2025-02-20T01:06:13+00:00,ci
mendableai/firecrawl,apps/api/src/__tests__/snips/scrape.test.ts,"Gergő Móricz, GitHub",Human,36,2025-01-13T19:50:47+00:00,62,2200f084f35f304e3af6a108b225a3d1597dc3c8,"Gergő Móricz, GitHub",Human,868,2025-02-19T23:41:22+00:00,ci
mendableai/firecrawl,apps/api/src/__tests__/snips/scrape.test.ts,"Gergő Móricz, GitHub",Human,36,2025-01-13T19:50:47+00:00,62,fc64f436ed5814c39a3bbf17e955d438db9fff54,"Gergő Móricz, GitHub",Human,494,2025-02-19T15:07:55+00:00,ci
mendableai/firecrawl,apps/api/src/__tests__/snips/scrape.test.ts,"Gergő Móricz, GitHub",Human,36,2025-01-13T19:50:47+00:00,62,b136e42b53d12a3f06ee8fe2ab75cb1c76b996dc,"Gergő Móricz, GitHub",Human,47,2025-02-18T17:03:10+00:00,feat
mendableai/firecrawl,apps/api/src/__tests__/snips/scrape.test.ts,"Gergő Móricz, GitHub",Human,36,2025-01-13T19:50:47+00:00,62,e28a44463ae49ffc195507204492cc7c15c438c4,Nicolas,Human,313,2025-02-18T14:31:23+00:00,test
mendableai/firecrawl,apps/api/src/__tests__/snips/scrape.test.ts,"Gergő Móricz, GitHub",Human,36,2025-01-13T19:50:47+00:00,62,586a10f40d354a038afc2b67809f20a7a829f8cb,"Gergő Móricz, GitHub",Human,313,2025-02-18T13:32:19+00:00,test
mendableai/firecrawl,apps/api/src/__tests__/snips/scrape.test.ts,"Gergő Móricz, GitHub",Human,36,2025-01-13T19:50:47+00:00,62,5c4021e8cf3736f544dcd3399ad0180f82da3f11,Gergő Móricz,Human,6,2025-02-17T17:59:16+00:00,test
mendableai/firecrawl,apps/api/src/__tests__/snips/scrape.test.ts,"Gergő Móricz, GitHub",Human,36,2025-01-13T19:50:47+00:00,62,445b906af1c633357a68946033e52fb60742f1d4,"Gergő Móricz, GitHub",Human,34,2025-02-17T15:35:55+00:00,test
mendableai/firecrawl,apps/api/src/__tests__/snips/scrape.test.ts,"Gergő Móricz, GitHub",Human,36,2025-01-13T19:50:47+00:00,62,1491b5b14164012fb3b699c203a2585de2228890,"Gergő Móricz, GitHub",Human,41,2025-02-16T14:55:03+00:00,fix
mendableai/firecrawl,apps/api/src/__tests__/snips/scrape.test.ts,"Gergő Móricz, GitHub",Human,36,2025-01-13T19:50:47+00:00,62,892f3a41f3964d4634cbee1d3d94dd8a8a24a012,"Gergő Móricz, GitHub",Human,73,2025-02-06T17:35:28+00:00,fix
mendableai/firecrawl,apps/api/src/__tests__/snips/scrape.test.ts,"Gergő Móricz, GitHub",Human,36,2025-01-13T19:50:47+00:00,62,86f05a07ba488ef24abe465d73b1997f082a9c23,"Gergő Móricz, GitHub",Human,14,2025-01-29T15:59:43+00:00,ci
mendableai/firecrawl,apps/api/src/__tests__/snips/scrape.test.ts,"Gergő Móricz, GitHub",Human,36,2025-01-13T19:50:47+00:00,62,d09e0603f8afc118f34ceb5ace8124968d7a1c88,"Gergő Móricz, GitHub",Human,30,2025-01-29T14:03:37+00:00,test
mendableai/firecrawl,apps/api/src/__tests__/snips/scrape.test.ts,"Gergő Móricz, GitHub",Human,36,2025-01-13T19:50:47+00:00,62,5733b82e9ddef79ebc1d4176b02416ef64e23cd9,"Gergő Móricz, GitHub",Human,48,2025-01-29T07:23:36+00:00,fix
mendableai/firecrawl,apps/api/src/__tests__/snips/scrape.test.ts,"Gergő Móricz, GitHub",Human,36,2025-01-13T19:50:47+00:00,62,498558d3589ede634e2e351a74065c4ae6c9a6d4,Nicolas,Human,20983,2025-01-22T21:47:44+00:00,style
mendableai/firecrawl,apps/api/src/__tests__/snips/scrape.test.ts,"Gergő Móricz, GitHub",Human,36,2025-01-13T19:50:47+00:00,62,5c62bb1195e8d085f90a80e90d207ce9bba46635,"Gergő Móricz, GitHub",Human,459,2025-01-13T19:50:47+00:00,test
mendableai/firecrawl,apps/api/src/lib/extract/fire-0/reranker-f0.ts,"Nicolas, GitHub",Human,300,2025-04-15T07:19:45+00:00,10,8beb05c726718c0d49bd37c4979a08f9d0416f70,Gergő Móricz,Human,3384,2025-09-09T17:41:17+00:00,build
mendableai/firecrawl,apps/api/src/lib/extract/fire-0/reranker-f0.ts,"Nicolas, GitHub",Human,300,2025-04-15T07:19:45+00:00,10,9a3bd6ca5017270363518c6961ed72cdadc397da,"tom, GitHub",Human,594,2025-09-03T14:19:00+00:00,feat
mendableai/firecrawl,apps/api/src/lib/extract/fire-0/reranker-f0.ts,"Nicolas, GitHub",Human,300,2025-04-15T07:19:45+00:00,10,c5277965afda9cb53c5bbac4f7403dabb50c4d7e,"tom, GitHub",Human,31959,2025-09-02T14:08:10+00:00,chore
mendableai/firecrawl,apps/api/src/lib/extract/fire-0/reranker-f0.ts,"Nicolas, GitHub",Human,300,2025-04-15T07:19:45+00:00,10,21cbfec39857be55cbe2099da09096f8a8e0e914,Gergő Móricz,Human,7088,2025-08-10T16:25:08+00:00,ci
mendableai/firecrawl,apps/api/src/lib/extract/fire-0/reranker-f0.ts,"Nicolas, GitHub",Human,300,2025-04-15T07:19:45+00:00,10,908e9776897fc42393e82ebd7d9f73a13c5ab70f,"Gergő Móricz, GitHub",Human,1788,2025-08-06T16:33:24+00:00,build
mendableai/firecrawl,apps/api/src/lib/extract/fire-0/reranker-f0.ts,"Nicolas, GitHub",Human,300,2025-04-15T07:19:45+00:00,10,281ce258a3dad11ac50df649eeee6aaeb6ced8bb,Gergő Móricz,Human,433,2025-07-26T14:15:47+00:00,refactor
mendableai/firecrawl,apps/api/src/lib/extract/fire-0/reranker-f0.ts,"Nicolas, GitHub",Human,300,2025-04-15T07:19:45+00:00,10,fa581995e6702ac068cc841ceb3526b88d5f791f,"Gergő Móricz, GitHub",Human,205,2025-05-08T18:23:35+00:00,feat
mendableai/firecrawl,apps/api/src/lib/extract/fire-0/reranker-f0.ts,"Nicolas, GitHub",Human,300,2025-04-15T07:19:45+00:00,10,8546bcacc0bd8f2c39b1e49bead34ec77043acfc,Gergő Móricz,Human,619,2025-04-17T16:23:53+00:00,feat
mendableai/firecrawl,apps/api/src/lib/extract/fire-0/reranker-f0.ts,"Nicolas, GitHub",Human,300,2025-04-15T07:19:45+00:00,10,6634d236bf1fccb6b1cbfc032c8af820579e9d27,"Nicolas, GitHub",Human,9692,2025-04-15T07:19:45+00:00,ci
mendableai/firecrawl,examples/gemini-2.5-crawler/gemini-2.5-crawler.py,Aparup Ganguly,Human,374,2025-03-26T11:49:47+00:00,2,cc7f38af5cc5b735fd7b4aa13429da2dd2b18d2d,Aparup Ganguly,Human,2,2025-03-26T11:55:46+00:00,style
mendableai/firecrawl,examples/gemini-2.5-crawler/gemini-2.5-crawler.py,Aparup Ganguly,Human,374,2025-03-26T11:49:47+00:00,2,6e8644a14c8b9a5bfc96c0f50cf660f4e54fd84f,Aparup Ganguly,Human,474,2025-03-26T11:49:47+00:00,docs
usememos/memos,server/router/api/v1/test/user_service_stats_test.go,"Copilot, GitHub",AI,105,2025-07-02T12:17:19+00:00,3,bc7decf642bec9d8a295c4986ef6b0360b272002,Johnny,Human,100,2025-10-16T12:40:46+00:00,refactor
usememos/memos,server/router/api/v1/test/user_service_stats_test.go,"Copilot, GitHub",AI,105,2025-07-02T12:17:19+00:00,3,046c6c83e1ec1f5d9b9bb289d349abc2e265dc96,Steven,Human,8,2025-07-03T14:28:45+00:00,style
usememos/memos,server/router/api/v1/test/user_service_stats_test.go,"Copilot, GitHub",AI,105,2025-07-02T12:17:19+00:00,3,e3a2dadb4bcac1cc6396f64d091abeba607970d5,"Copilot, GitHub",AI,108,2025-07-02T12:17:19+00:00,fix
usememos/memos,plugin/filter/templates.go,Johnny,Human,146,2025-06-23T14:38:44+00:00,3,b685ffacdfca37330335393420a23ad707ba3453,Copilot,AI,3977,2025-10-16T01:22:52+00:00,refactor
usememos/memos,plugin/filter/templates.go,Johnny,Human,146,2025-06-23T14:38:44+00:00,3,9b159368737798e30a894a7f9c84fe52a78b8ee8,Johnny,Human,1301,2025-06-23T14:55:14+00:00,refactor
usememos/memos,plugin/filter/templates.go,Johnny,Human,146,2025-06-23T14:38:44+00:00,3,778a5eb184145327da958dbdda4f2481a19edbd9,Johnny,Human,1505,2025-06-23T14:38:44+00:00,refactor
